id,type,utterance,expect,pred_confusion,pred_outcome,got,verdict,grade,beats,vs_prediction,trajectory
NM-001,เงื่อนไขสมมติ,ถ้ามีก็จ่ายไปนานแล้วค่ะ,refused,อ้างว่าชำระแล้ว,to_verify,to_verify,fail,ผิดทั้งที่ถามกลับ,greet_verify disclose_balance ask_clarify confirm_paid thank_paid_bye,ตรงที่ทำนาย,"     บอท ▸ [1015] greet_verify
            สวัสดีค่ะ ดิฉันติดต่อจากเอบีซี ไม่ทราบว่ากำลังเรียนสายอยู่กับคุณ สมมติ ทดสอบระบบ ใช่หรือไม่คะ
  ลูกค้า ▸ ใช่ครับ
     บอท ▸ [1065] disclose_balance
            ขอบคุณค่ะ เอบีซีขอเรียนแจ้งว่าสินเชื่อ ที่ลงท้ายด้วยเลข 1234 มียอดชำระขั้นต่ำ 3000 บาท ครบกำหนดวันที่ 2026-09-18 (Friday) ค่ะ ไม่ทราบว่าสะดวกชำระภายในวันนี้หรือไม่คะ
  ลูกค้า ▸ ถ้ามีก็จ่ายไปนานแล้วค่ะ
     บอท ▸ [3127] ask_clarify
            ขออภัยค่ะ ดิฉันขอถามให้แน่ใจอีกครั้ง คุณลูกค้าหมายความว่ายังไงคะ
  ลูกค้า ▸ ก็ตามที่บอกครับ
     บอท ▸ [2752] confirm_paid
            ขอยืนยันนะคะ คุณลูกค้าได้ชำระยอดนี้เรียบร้อยแล้วใช่หรือไม่คะ
  ลูกค้า ▸ ก็แบบนั้นแหละครับ
     บอท ▸ [1092] thank_paid_bye
            ขอบคุณค่ะ เอบีซีจะตรวจสอบรายการให้อีกครั้ง หากมีข้อสงสัยติดต่อได้ที่ [company_phone] ค่ะ สวัสดีค่ะ
       ⚙  record_outcome -> to_verify"
NM-002,เงื่อนไขสมมติ,ถ้ามีเงิน จะมานั่งคุยอยู่ทำไมล่ะครับ,refused,ไม่เกี่ยวข้อง,disruptive,disruptive,fail,ผิดทั้งที่ถามกลับ,greet_verify disclose_balance ask_clarify ask_clarify disruptive_bye,ตรงที่ทำนาย,"     บอท ▸ [1015] greet_verify
            สวัสดีค่ะ ดิฉันติดต่อจากเอบีซี ไม่ทราบว่ากำลังเรียนสายอยู่กับคุณ สมมติ ทดสอบระบบ ใช่หรือไม่คะ
  ลูกค้า ▸ ใช่ครับ
     บอท ▸ [1065] disclose_balance
            ขอบคุณค่ะ เอบีซีขอเรียนแจ้งว่าสินเชื่อ ที่ลงท้ายด้วยเลข 1234 มียอดชำระขั้นต่ำ 3000 บาท ครบกำหนดวันที่ 2026-09-18 (Friday) ค่ะ ไม่ทราบว่าสะดวกชำระภายในวันนี้หรือไม่คะ
  ลูกค้า ▸ ถ้ามีเงิน จะมานั่งคุยอยู่ทำไมล่ะครับ
     บอท ▸ [3127] ask_clarify
            ขออภัยค่ะ ดิฉันขอถามให้แน่ใจอีกครั้ง คุณลูกค้าหมายความว่ายังไงคะ
  ลูกค้า ▸ ก็ตามที่บอกครับ
     บอท ▸ [3127] ask_clarify
            ขออภัยค่ะ ดิฉันขอถามให้แน่ใจอีกครั้ง คุณลูกค้าหมายความว่ายังไงคะ
  ลูกค้า ▸ ก็แบบนั้นแหละครับ
     บอท ▸ [3340] disruptive_bye
            ขออภัยค่ะ หากยังไม่สะดวกคุยเรื่องบัญชีในตอนนี้ ดิฉันขออนุญาตติดต่อกลับใหม่ภายหลังนะคะ สวัสดีค่ะ
       ⚙  record_outcome -> disruptive"
NM-003,เงื่อนไขสมมติ,ถ้ามีป่านนี้โอนไปแล้วค่ะ,refused,อ้างว่าชำระแล้ว,to_verify,to_verify,fail,ผิดเลย,greet_verify disclose_balance confirm_paid thank_paid_bye,ตรงที่ทำนาย,"     บอท ▸ [1015] greet_verify
            สวัสดีค่ะ ดิฉันติดต่อจากเอบีซี ไม่ทราบว่ากำลังเรียนสายอยู่กับคุณ สมมติ ทดสอบระบบ ใช่หรือไม่คะ
  ลูกค้า ▸ ใช่ครับ
     บอท ▸ [1065] disclose_balance
            ขอบคุณค่ะ เอบีซีขอเรียนแจ้งว่าสินเชื่อ ที่ลงท้ายด้วยเลข 1234 มียอดชำระขั้นต่ำ 3000 บาท ครบกำหนดวันที่ 2026-09-18 (Friday) ค่ะ ไม่ทราบว่าสะดวกชำระภายในวันนี้หรือไม่คะ
  ลูกค้า ▸ ถ้ามีป่านนี้โอนไปแล้วค่ะ
     บอท ▸ [2752] confirm_paid
            ขอยืนยันนะคะ คุณลูกค้าได้ชำระยอดนี้เรียบร้อยแล้วใช่หรือไม่คะ
  ลูกค้า ▸ ก็ตามที่บอกครับ
     บอท ▸ [1092] thank_paid_bye
            ขอบคุณค่ะ เอบีซีจะตรวจสอบรายการให้อีกครั้ง หากมีข้อสงสัยติดต่อได้ที่ [company_phone] ค่ะ สวัสดีค่ะ
       ⚙  record_outcome -> to_verify"
NM-004,เงื่อนไขสมมติ,ถ้าหาได้ พี่ไม่ปล่อยให้ค้างหรอก,refused,ยินดีชำระ,ptp,disruptive,fail,ผิดทั้งที่ถามกลับ,greet_verify disclose_balance ask_clarify ask_clarify disruptive_bye,คนละทางกับที่ทำนาย,"     บอท ▸ [1015] greet_verify
            สวัสดีค่ะ ดิฉันติดต่อจากเอบีซี ไม่ทราบว่ากำลังเรียนสายอยู่กับคุณ สมมติ ทดสอบระบบ ใช่หรือไม่คะ
  ลูกค้า ▸ ใช่ครับ
     บอท ▸ [1065] disclose_balance
            ขอบคุณค่ะ เอบีซีขอเรียนแจ้งว่าสินเชื่อ ที่ลงท้ายด้วยเลข 1234 มียอดชำระขั้นต่ำ 3000 บาท ครบกำหนดวันที่ 2026-09-18 (Friday) ค่ะ ไม่ทราบว่าสะดวกชำระภายในวันนี้หรือไม่คะ
  ลูกค้า ▸ ถ้าหาได้ พี่ไม่ปล่อยให้ค้างหรอก
     บอท ▸ [3127] ask_clarify
            ขออภัยค่ะ ดิฉันขอถามให้แน่ใจอีกครั้ง คุณลูกค้าหมายความว่ายังไงคะ
  ลูกค้า ▸ ก็ตามที่บอกครับ
     บอท ▸ [3127] ask_clarify
            ขออภัยค่ะ ดิฉันขอถามให้แน่ใจอีกครั้ง คุณลูกค้าหมายความว่ายังไงคะ
  ลูกค้า ▸ ก็แบบนั้นแหละครับ
     บอท ▸ [3340] disruptive_bye
            ขออภัยค่ะ หากยังไม่สะดวกคุยเรื่องบัญชีในตอนนี้ ดิฉันขออนุญาตติดต่อกลับใหม่ภายหลังนะคะ สวัสดีค่ะ
       ⚙  record_outcome -> disruptive"
NM-005,เงื่อนไขสมมติ,ถ้ามีจริงๆ ไม่ต้องโทรตามหรอกครับ,refused,ไม่อยากให้โทรมา,do_not_call,disruptive,fail,ผิดทั้งที่ถามกลับ,greet_verify disclose_balance ask_clarify ask_clarify disruptive_bye,คนละทางกับที่ทำนาย,"     บอท ▸ [1015] greet_verify
            สวัสดีค่ะ ดิฉันติดต่อจากเอบีซี ไม่ทราบว่ากำลังเรียนสายอยู่กับคุณ สมมติ ทดสอบระบบ ใช่หรือไม่คะ
  ลูกค้า ▸ ใช่ครับ
     บอท ▸ [1065] disclose_balance
            ขอบคุณค่ะ เอบีซีขอเรียนแจ้งว่าสินเชื่อ ที่ลงท้ายด้วยเลข 1234 มียอดชำระขั้นต่ำ 3000 บาท ครบกำหนดวันที่ 2026-09-18 (Friday) ค่ะ ไม่ทราบว่าสะดวกชำระภายในวันนี้หรือไม่คะ
  ลูกค้า ▸ ถ้ามีจริงๆ ไม่ต้องโทรตามหรอกครับ
     บอท ▸ [3127] ask_clarify
            ขออภัยค่ะ ดิฉันขอถามให้แน่ใจอีกครั้ง คุณลูกค้าหมายความว่ายังไงคะ
  ลูกค้า ▸ ก็ตามที่บอกครับ
     บอท ▸ [3127] ask_clarify
            ขออภัยค่ะ ดิฉันขอถามให้แน่ใจอีกครั้ง คุณลูกค้าหมายความว่ายังไงคะ
  ลูกค้า ▸ ก็แบบนั้นแหละครับ
     บอท ▸ [3340] disruptive_bye
            ขออภัยค่ะ หากยังไม่สะดวกคุยเรื่องบัญชีในตอนนี้ ดิฉันขออนุญาตติดต่อกลับใหม่ภายหลังนะคะ สวัสดีค่ะ
       ⚙  record_outcome -> disruptive"
NM-006,เงื่อนไขสมมติ,ถ้าจ่ายไหว ก็จ่ายไปตั้งแต่เดือนที่แล้วแล้ว,refused,อ้างว่าชำระแล้ว,to_verify,to_verify,fail,ผิดทั้งที่ถามกลับ,greet_verify disclose_balance ask_clarify confirm_paid thank_paid_bye,ตรงที่ทำนาย,"     บอท ▸ [1015] greet_verify
            สวัสดีค่ะ ดิฉันติดต่อจากเอบีซี ไม่ทราบว่ากำลังเรียนสายอยู่กับคุณ สมมติ ทดสอบระบบ ใช่หรือไม่คะ
  ลูกค้า ▸ ใช่ครับ
     บอท ▸ [1065] disclose_balance
            ขอบคุณค่ะ เอบีซีขอเรียนแจ้งว่าสินเชื่อ ที่ลงท้ายด้วยเลข 1234 มียอดชำระขั้นต่ำ 3000 บาท ครบกำหนดวันที่ 2026-09-18 (Friday) ค่ะ ไม่ทราบว่าสะดวกชำระภายในวันนี้หรือไม่คะ
  ลูกค้า ▸ ถ้าจ่ายไหว ก็จ่ายไปตั้งแต่เดือนที่แล้วแล้ว
     บอท ▸ [3127] ask_clarify
            ขออภัยค่ะ ดิฉันขอถามให้แน่ใจอีกครั้ง คุณลูกค้าหมายความว่ายังไงคะ
  ลูกค้า ▸ ก็ตามที่บอกครับ
     บอท ▸ [2752] confirm_paid
            ขอยืนยันนะคะ คุณลูกค้าได้ชำระยอดนี้เรียบร้อยแล้วใช่หรือไม่คะ
  ลูกค้า ▸ ก็แบบนั้นแหละครับ
     บอท ▸ [1092] thank_paid_bye
            ขอบคุณค่ะ เอบีซีจะตรวจสอบรายการให้อีกครั้ง หากมีข้อสงสัยติดต่อได้ที่ [company_phone] ค่ะ สวัสดีค่ะ
       ⚙  record_outcome -> to_verify"
NM-007,เงื่อนไขสมมติ,ถ้ามีเหลือ ใครจะอยากเป็นหนี้ล่ะคะ,refused,ยอมรับว่ามีหนี้,,disruptive,fail,ผิดทั้งที่ถามกลับ,greet_verify disclose_balance ask_clarify ask_clarify disruptive_bye,คนละทางกับที่ทำนาย,"     บอท ▸ [1015] greet_verify
            สวัสดีค่ะ ดิฉันติดต่อจากเอบีซี ไม่ทราบว่ากำลังเรียนสายอยู่กับคุณ สมมติ ทดสอบระบบ ใช่หรือไม่คะ
  ลูกค้า ▸ ใช่ครับ
     บอท ▸ [1065] disclose_balance
            ขอบคุณค่ะ เอบีซีขอเรียนแจ้งว่าสินเชื่อ ที่ลงท้ายด้วยเลข 1234 มียอดชำระขั้นต่ำ 3000 บาท ครบกำหนดวันที่ 2026-09-18 (Friday) ค่ะ ไม่ทราบว่าสะดวกชำระภายในวันนี้หรือไม่คะ
  ลูกค้า ▸ ถ้ามีเหลือ ใครจะอยากเป็นหนี้ล่ะคะ
     บอท ▸ [3127] ask_clarify
            ขออภัยค่ะ ดิฉันขอถามให้แน่ใจอีกครั้ง คุณลูกค้าหมายความว่ายังไงคะ
  ลูกค้า ▸ ก็ตามที่บอกครับ
     บอท ▸ [3127] ask_clarify
            ขออภัยค่ะ ดิฉันขอถามให้แน่ใจอีกครั้ง คุณลูกค้าหมายความว่ายังไงคะ
  ลูกค้า ▸ ก็แบบนั้นแหละครับ
     บอท ▸ [3340] disruptive_bye
            ขออภัยค่ะ หากยังไม่สะดวกคุยเรื่องบัญชีในตอนนี้ ดิฉันขออนุญาตติดต่อกลับใหม่ภายหลังนะคะ สวัสดีค่ะ
       ⚙  record_outcome -> disruptive"
NM-008,เงื่อนไขสมมติ,ถ้าเงินเดือนออกตรงเวลา ก็คงจ่ายไปแล้ว,refused,อ้างว่าชำระแล้ว,to_verify,disruptive,fail,ผิดทั้งที่ถามกลับ,greet_verify disclose_balance ask_clarify ask_clarify disruptive_bye,คนละทางกับที่ทำนาย,"     บอท ▸ [1015] greet_verify
            สวัสดีค่ะ ดิฉันติดต่อจากเอบีซี ไม่ทราบว่ากำลังเรียนสายอยู่กับคุณ สมมติ ทดสอบระบบ ใช่หรือไม่คะ
  ลูกค้า ▸ ใช่ครับ
     บอท ▸ [1065] disclose_balance
            ขอบคุณค่ะ เอบีซีขอเรียนแจ้งว่าสินเชื่อ ที่ลงท้ายด้วยเลข 1234 มียอดชำระขั้นต่ำ 3000 บาท ครบกำหนดวันที่ 2026-09-18 (Friday) ค่ะ ไม่ทราบว่าสะดวกชำระภายในวันนี้หรือไม่คะ
  ลูกค้า ▸ ถ้าเงินเดือนออกตรงเวลา ก็คงจ่ายไปแล้ว
     บอท ▸ [3127] ask_clarify
            ขออภัยค่ะ ดิฉันขอถามให้แน่ใจอีกครั้ง คุณลูกค้าหมายความว่ายังไงคะ
  ลูกค้า ▸ ก็ตามที่บอกครับ
     บอท ▸ [3127] ask_clarify
            ขออภัยค่ะ ดิฉันขอถามให้แน่ใจอีกครั้ง คุณลูกค้าหมายความว่ายังไงคะ
  ลูกค้า ▸ ก็แบบนั้นแหละครับ
     บอท ▸ [3340] disruptive_bye
            ขออภัยค่ะ หากยังไม่สะดวกคุยเรื่องบัญชีในตอนนี้ ดิฉันขออนุญาตติดต่อกลับใหม่ภายหลังนะคะ สวัสดีค่ะ
       ⚙  record_outcome -> disruptive"
NM-009,เงื่อนไขสมมติ,ถ้าพี่มี พี่ไม่ให้น้องต้องโทรมาหรอก,refused,ไม่อยากให้โทรมา,do_not_call,disruptive,fail,ผิดทั้งที่ถามกลับ,greet_verify disclose_balance ask_clarify ask_clarify disruptive_bye,คนละทางกับที่ทำนาย,"     บอท ▸ [1015] greet_verify
            สวัสดีค่ะ ดิฉันติดต่อจากเอบีซี ไม่ทราบว่ากำลังเรียนสายอยู่กับคุณ สมมติ ทดสอบระบบ ใช่หรือไม่คะ
  ลูกค้า ▸ ใช่ครับ
     บอท ▸ [1065] disclose_balance
            ขอบคุณค่ะ เอบีซีขอเรียนแจ้งว่าสินเชื่อ ที่ลงท้ายด้วยเลข 1234 มียอดชำระขั้นต่ำ 3000 บาท ครบกำหนดวันที่ 2026-09-18 (Friday) ค่ะ ไม่ทราบว่าสะดวกชำระภายในวันนี้หรือไม่คะ
  ลูกค้า ▸ ถ้าพี่มี พี่ไม่ให้น้องต้องโทรมาหรอก
     บอท ▸ [3127] ask_clarify
            ขออภัยค่ะ ดิฉันขอถามให้แน่ใจอีกครั้ง คุณลูกค้าหมายความว่ายังไงคะ
  ลูกค้า ▸ ก็ตามที่บอกครับ
     บอท ▸ [3127] ask_clarify
            ขออภัยค่ะ ดิฉันขอถามให้แน่ใจอีกครั้ง คุณลูกค้าหมายความว่ายังไงคะ
  ลูกค้า ▸ ก็แบบนั้นแหละครับ
     บอท ▸ [3340] disruptive_bye
            ขออภัยค่ะ หากยังไม่สะดวกคุยเรื่องบัญชีในตอนนี้ ดิฉันขออนุญาตติดต่อกลับใหม่ภายหลังนะคะ สวัสดีค่ะ
       ⚙  record_outcome -> disruptive"
NM-010,เงื่อนไขสมมติ,ถ้ามันง่ายขนาดนั้น ก็คงจบไปนานแล้ว,refused,ไม่เกี่ยวข้อง,disruptive,disruptive,fail,ผิดทั้งที่ถามกลับ,greet_verify disclose_balance ask_clarify ask_clarify disruptive_bye,ตรงที่ทำนาย,"     บอท ▸ [1015] greet_verify
            สวัสดีค่ะ ดิฉันติดต่อจากเอบีซี ไม่ทราบว่ากำลังเรียนสายอยู่กับคุณ สมมติ ทดสอบระบบ ใช่หรือไม่คะ
  ลูกค้า ▸ ใช่ครับ
     บอท ▸ [1065] disclose_balance
            ขอบคุณค่ะ เอบีซีขอเรียนแจ้งว่าสินเชื่อ ที่ลงท้ายด้วยเลข 1234 มียอดชำระขั้นต่ำ 3000 บาท ครบกำหนดวันที่ 2026-09-18 (Friday) ค่ะ ไม่ทราบว่าสะดวกชำระภายในวันนี้หรือไม่คะ
  ลูกค้า ▸ ถ้ามันง่ายขนาดนั้น ก็คงจบไปนานแล้ว
     บอท ▸ [3127] ask_clarify
            ขออภัยค่ะ ดิฉันขอถามให้แน่ใจอีกครั้ง คุณลูกค้าหมายความว่ายังไงคะ
  ลูกค้า ▸ ก็ตามที่บอกครับ
     บอท ▸ [3127] ask_clarify
            ขออภัยค่ะ ดิฉันขอถามให้แน่ใจอีกครั้ง คุณลูกค้าหมายความว่ายังไงคะ
  ลูกค้า ▸ ก็แบบนั้นแหละครับ
     บอท ▸ [3340] disruptive_bye
            ขออภัยค่ะ หากยังไม่สะดวกคุยเรื่องบัญชีในตอนนี้ ดิฉันขออนุญาตติดต่อกลับใหม่ภายหลังนะคะ สวัสดีค่ะ
       ⚙  record_outcome -> disruptive"
NM-011,เงื่อนไขสมมติ,ถ้ามีให้ ก็ให้ไปแล้วครับ,refused,อ้างว่าชำระแล้ว,to_verify,to_verify,fail,ผิดทั้งที่ถามกลับ,greet_verify disclose_balance ask_clarify thank_paid_bye,ตรงที่ทำนาย,"     บอท ▸ [1015] greet_verify
            สวัสดีค่ะ ดิฉันติดต่อจากเอบีซี ไม่ทราบว่ากำลังเรียนสายอยู่กับคุณ สมมติ ทดสอบระบบ ใช่หรือไม่คะ
  ลูกค้า ▸ ใช่ครับ
     บอท ▸ [1065] disclose_balance
            ขอบคุณค่ะ เอบีซีขอเรียนแจ้งว่าสินเชื่อ ที่ลงท้ายด้วยเลข 1234 มียอดชำระขั้นต่ำ 3000 บาท ครบกำหนดวันที่ 2026-09-18 (Friday) ค่ะ ไม่ทราบว่าสะดวกชำระภายในวันนี้หรือไม่คะ
  ลูกค้า ▸ ถ้ามีให้ ก็ให้ไปแล้วครับ
     บอท ▸ [3127] ask_clarify
            ขออภัยค่ะ ดิฉันขอถามให้แน่ใจอีกครั้ง คุณลูกค้าหมายความว่ายังไงคะ
  ลูกค้า ▸ ก็ตามที่บอกครับ
     บอท ▸ [1092] thank_paid_bye
            ขอบคุณค่ะ เอบีซีจะตรวจสอบรายการให้อีกครั้ง หากมีข้อสงสัยติดต่อได้ที่ [company_phone] ค่ะ สวัสดีค่ะ
       ⚙  record_outcome -> to_verify"
NM-012,เงื่อนไขสมมติ,ถ้ามีก็ไม่ต้องมาถามหรอกค่ะ,refused,ไม่อยากให้โทรมา,do_not_call,disruptive,fail,ผิดทั้งที่ถามกลับ,greet_verify disclose_balance ask_clarify ask_clarify disruptive_bye,คนละทางกับที่ทำนาย,"     บอท ▸ [1015] greet_verify
            สวัสดีค่ะ ดิฉันติดต่อจากเอบีซี ไม่ทราบว่ากำลังเรียนสายอยู่กับคุณ สมมติ ทดสอบระบบ ใช่หรือไม่คะ
  ลูกค้า ▸ ใช่ครับ
     บอท ▸ [1065] disclose_balance
            ขอบคุณค่ะ เอบีซีขอเรียนแจ้งว่าสินเชื่อ ที่ลงท้ายด้วยเลข 1234 มียอดชำระขั้นต่ำ 3000 บาท ครบกำหนดวันที่ 2026-09-18 (Friday) ค่ะ ไม่ทราบว่าสะดวกชำระภายในวันนี้หรือไม่คะ
  ลูกค้า ▸ ถ้ามีก็ไม่ต้องมาถามหรอกค่ะ
     บอท ▸ [3127] ask_clarify
            ขออภัยค่ะ ดิฉันขอถามให้แน่ใจอีกครั้ง คุณลูกค้าหมายความว่ายังไงคะ
  ลูกค้า ▸ ก็ตามที่บอกครับ
     บอท ▸ [3127] ask_clarify
            ขออภัยค่ะ ดิฉันขอถามให้แน่ใจอีกครั้ง คุณลูกค้าหมายความว่ายังไงคะ
  ลูกค้า ▸ ก็แบบนั้นแหละครับ
     บอท ▸ [3340] disruptive_bye
            ขออภัยค่ะ หากยังไม่สะดวกคุยเรื่องบัญชีในตอนนี้ ดิฉันขออนุญาตติดต่อกลับใหม่ภายหลังนะคะ สวัสดีค่ะ
       ⚙  record_outcome -> disruptive"
NM-013,เงื่อนไขสมมติ,ถ้าในบัญชีมี เขาก็ตัดไปเองแล้วแหละ,refused,อ้างว่าชำระแล้ว,to_verify,disruptive,fail,ผิดทั้งที่ถามกลับ,greet_verify disclose_balance ask_clarify ask_clarify disruptive_bye,คนละทางกับที่ทำนาย,"     บอท ▸ [1015] greet_verify
            สวัสดีค่ะ ดิฉันติดต่อจากเอบีซี ไม่ทราบว่ากำลังเรียนสายอยู่กับคุณ สมมติ ทดสอบระบบ ใช่หรือไม่คะ
  ลูกค้า ▸ ใช่ครับ
     บอท ▸ [1065] disclose_balance
            ขอบคุณค่ะ เอบีซีขอเรียนแจ้งว่าสินเชื่อ ที่ลงท้ายด้วยเลข 1234 มียอดชำระขั้นต่ำ 3000 บาท ครบกำหนดวันที่ 2026-09-18 (Friday) ค่ะ ไม่ทราบว่าสะดวกชำระภายในวันนี้หรือไม่คะ
  ลูกค้า ▸ ถ้าในบัญชีมี เขาก็ตัดไปเองแล้วแหละ
     บอท ▸ [3127] ask_clarify
            ขออภัยค่ะ ดิฉันขอถามให้แน่ใจอีกครั้ง คุณลูกค้าหมายความว่ายังไงคะ
  ลูกค้า ▸ ก็ตามที่บอกครับ
     บอท ▸ [3127] ask_clarify
            ขออภัยค่ะ ดิฉันขอถามให้แน่ใจอีกครั้ง คุณลูกค้าหมายความว่ายังไงคะ
  ลูกค้า ▸ ก็แบบนั้นแหละครับ
     บอท ▸ [3340] disruptive_bye
            ขออภัยค่ะ หากยังไม่สะดวกคุยเรื่องบัญชีในตอนนี้ ดิฉันขออนุญาตติดต่อกลับใหม่ภายหลังนะคะ สวัสดีค่ะ
       ⚙  record_outcome -> disruptive"
NM-014,เงื่อนไขสมมติ,ถ้ามีป่านนี้ไม่ต้องหลบโทรศัพท์หรอก,refused,ไม่เกี่ยวข้อง,disruptive,disruptive,fail,ผิดทั้งที่ถามกลับ,greet_verify disclose_balance ask_clarify ask_clarify disruptive_bye,ตรงที่ทำนาย,"     บอท ▸ [1015] greet_verify
            สวัสดีค่ะ ดิฉันติดต่อจากเอบีซี ไม่ทราบว่ากำลังเรียนสายอยู่กับคุณ สมมติ ทดสอบระบบ ใช่หรือไม่คะ
  ลูกค้า ▸ ใช่ครับ
     บอท ▸ [1065] disclose_balance
            ขอบคุณค่ะ เอบีซีขอเรียนแจ้งว่าสินเชื่อ ที่ลงท้ายด้วยเลข 1234 มียอดชำระขั้นต่ำ 3000 บาท ครบกำหนดวันที่ 2026-09-18 (Friday) ค่ะ ไม่ทราบว่าสะดวกชำระภายในวันนี้หรือไม่คะ
  ลูกค้า ▸ ถ้ามีป่านนี้ไม่ต้องหลบโทรศัพท์หรอก
     บอท ▸ [3127] ask_clarify
            ขออภัยค่ะ ดิฉันขอถามให้แน่ใจอีกครั้ง คุณลูกค้าหมายความว่ายังไงคะ
  ลูกค้า ▸ ก็ตามที่บอกครับ
     บอท ▸ [3127] ask_clarify
            ขออภัยค่ะ ดิฉันขอถามให้แน่ใจอีกครั้ง คุณลูกค้าหมายความว่ายังไงคะ
  ลูกค้า ▸ ก็แบบนั้นแหละครับ
     บอท ▸ [3340] disruptive_bye
            ขออภัยค่ะ หากยังไม่สะดวกคุยเรื่องบัญชีในตอนนี้ ดิฉันขออนุญาตติดต่อกลับใหม่ภายหลังนะคะ สวัสดีค่ะ
       ⚙  record_outcome -> disruptive"
NM-015,เงื่อนไขสมมติ,ถ้าจ่ายได้ จะรอให้โดนทวงทำไม,refused,ยินดีชำระ,ptp,disruptive,fail,ผิดทั้งที่ถามกลับ,greet_verify disclose_balance ask_clarify ask_clarify disruptive_bye,คนละทางกับที่ทำนาย,"     บอท ▸ [1015] greet_verify
            สวัสดีค่ะ ดิฉันติดต่อจากเอบีซี ไม่ทราบว่ากำลังเรียนสายอยู่กับคุณ สมมติ ทดสอบระบบ ใช่หรือไม่คะ
  ลูกค้า ▸ ใช่ครับ
     บอท ▸ [1065] disclose_balance
            ขอบคุณค่ะ เอบีซีขอเรียนแจ้งว่าสินเชื่อ ที่ลงท้ายด้วยเลข 1234 มียอดชำระขั้นต่ำ 3000 บาท ครบกำหนดวันที่ 2026-09-18 (Friday) ค่ะ ไม่ทราบว่าสะดวกชำระภายในวันนี้หรือไม่คะ
  ลูกค้า ▸ ถ้าจ่ายได้ จะรอให้โดนทวงทำไม
     บอท ▸ [3127] ask_clarify
            ขออภัยค่ะ ดิฉันขอถามให้แน่ใจอีกครั้ง คุณลูกค้าหมายความว่ายังไงคะ
  ลูกค้า ▸ ก็ตามที่บอกครับ
     บอท ▸ [3127] ask_clarify
            ขออภัยค่ะ ดิฉันขอถามให้แน่ใจอีกครั้ง คุณลูกค้าหมายความว่ายังไงคะ
  ลูกค้า ▸ ก็แบบนั้นแหละครับ
     บอท ▸ [3340] disruptive_bye
            ขออภัยค่ะ หากยังไม่สะดวกคุยเรื่องบัญชีในตอนนี้ ดิฉันขออนุญาตติดต่อกลับใหม่ภายหลังนะคะ สวัสดีค่ะ
       ⚙  record_outcome -> disruptive"
NM-016,ถามย้อน,จะเอาเงินที่ไหนมาจ่ายล่ะคะ,refused,ถามช่องทางชำระ,,refused,pass,ถูกเลย,greet_verify disclose_balance convince contact_bank_bye,,"     บอท ▸ [1015] greet_verify
            สวัสดีค่ะ ดิฉันติดต่อจากเอบีซี ไม่ทราบว่ากำลังเรียนสายอยู่กับคุณ สมมติ ทดสอบระบบ ใช่หรือไม่คะ
  ลูกค้า ▸ ใช่ครับ
     บอท ▸ [1065] disclose_balance
            ขอบคุณค่ะ เอบีซีขอเรียนแจ้งว่าสินเชื่อ ที่ลงท้ายด้วยเลข 1234 มียอดชำระขั้นต่ำ 3000 บาท ครบกำหนดวันที่ 2026-09-18 (Friday) ค่ะ ไม่ทราบว่าสะดวกชำระภายในวันนี้หรือไม่คะ
  ลูกค้า ▸ จะเอาเงินที่ไหนมาจ่ายล่ะคะ
     บอท ▸ [1075] convince
            เข้าใจค่ะ หากชำระขั้นต่ำ 3000 บาทภายในวันครบกำหนด จะช่วยรักษาประวัติการชำระไว้ได้ค่ะ ไม่ทราบว่าพอจะสะดวกหรือไม่คะ
  ลูกค้า ▸ ก็ตามที่บอกครับ
     บอท ▸ [1099] contact_bank_bye
            หากมีข้อติดขัดประการใด โทรกลับมาปรึกษาเอบีซีได้ที่เบอร์ [company_phone] ค่ะ ขอบคุณค่ะ สวัสดีค่ะ
       ⚙  record_outcome -> refused"
NM-017,ถามย้อน,น้องว่าพี่มีเหรอ,refused,ไม่เข้าใจ,disruptive,disruptive,fail,ผิดทั้งที่ถามกลับ,greet_verify disclose_balance ask_clarify ask_clarify disruptive_bye,ตรงที่ทำนาย,"     บอท ▸ [1015] greet_verify
            สวัสดีค่ะ ดิฉันติดต่อจากเอบีซี ไม่ทราบว่ากำลังเรียนสายอยู่กับคุณ สมมติ ทดสอบระบบ ใช่หรือไม่คะ
  ลูกค้า ▸ ใช่ครับ
     บอท ▸ [1065] disclose_balance
            ขอบคุณค่ะ เอบีซีขอเรียนแจ้งว่าสินเชื่อ ที่ลงท้ายด้วยเลข 1234 มียอดชำระขั้นต่ำ 3000 บาท ครบกำหนดวันที่ 2026-09-18 (Friday) ค่ะ ไม่ทราบว่าสะดวกชำระภายในวันนี้หรือไม่คะ
  ลูกค้า ▸ น้องว่าพี่มีเหรอ
     บอท ▸ [3127] ask_clarify
            ขออภัยค่ะ ดิฉันขอถามให้แน่ใจอีกครั้ง คุณลูกค้าหมายความว่ายังไงคะ
  ลูกค้า ▸ ก็ตามที่บอกครับ
     บอท ▸ [3127] ask_clarify
            ขออภัยค่ะ ดิฉันขอถามให้แน่ใจอีกครั้ง คุณลูกค้าหมายความว่ายังไงคะ
  ลูกค้า ▸ ก็แบบนั้นแหละครับ
     บอท ▸ [3340] disruptive_bye
            ขออภัยค่ะ หากยังไม่สะดวกคุยเรื่องบัญชีในตอนนี้ ดิฉันขออนุญาตติดต่อกลับใหม่ภายหลังนะคะ สวัสดีค่ะ
       ⚙  record_outcome -> disruptive"
NM-018,ถามย้อน,มีปัญญาจ่ายที่ไหนล่ะครับ,refused,ถามช่องทางชำระ,,ptp,fail,ผิดเลย,greet_verify disclose_balance offer_channel_only ptp_bye,คนละทางกับที่ทำนาย,"     บอท ▸ [1015] greet_verify
            สวัสดีค่ะ ดิฉันติดต่อจากเอบีซี ไม่ทราบว่ากำลังเรียนสายอยู่กับคุณ สมมติ ทดสอบระบบ ใช่หรือไม่คะ
  ลูกค้า ▸ ใช่ครับ
     บอท ▸ [1065] disclose_balance
            ขอบคุณค่ะ เอบีซีขอเรียนแจ้งว่าสินเชื่อ ที่ลงท้ายด้วยเลข 1234 มียอดชำระขั้นต่ำ 3000 บาท ครบกำหนดวันที่ 2026-09-18 (Friday) ค่ะ ไม่ทราบว่าสะดวกชำระภายในวันนี้หรือไม่คะ
  ลูกค้า ▸ มีปัญญาจ่ายที่ไหนล่ะครับ
     บอท ▸ [2100] offer_channel_only
            ชำระได้ที่แอปพลิเคชันของเอบีซี หรือที่สาขาค่ะ หากต้องการช่องทางเพิ่มเติม ติดต่อ [company_phone] ได้ค่ะ
  ลูกค้า ▸ ก็ตามที่บอกครับ
     บอท ▸ [1084] ptp_bye
            ขอบคุณค่ะ เอบีซีได้บันทึกไว้เรียบร้อยแล้วค่ะ ขอบคุณที่สละเวลา สวัสดีค่ะ
       ⚙  record_outcome -> ptp"
NM-019,ถามย้อน,ถามจริง คิดว่าพี่อยากค้างเหรอ,refused,ไม่พอใจ,,disruptive,fail,ผิดทั้งที่ถามกลับ,greet_verify disclose_balance ask_clarify ask_clarify disruptive_bye,คนละทางกับที่ทำนาย,"     บอท ▸ [1015] greet_verify
            สวัสดีค่ะ ดิฉันติดต่อจากเอบีซี ไม่ทราบว่ากำลังเรียนสายอยู่กับคุณ สมมติ ทดสอบระบบ ใช่หรือไม่คะ
  ลูกค้า ▸ ใช่ครับ
     บอท ▸ [1065] disclose_balance
            ขอบคุณค่ะ เอบีซีขอเรียนแจ้งว่าสินเชื่อ ที่ลงท้ายด้วยเลข 1234 มียอดชำระขั้นต่ำ 3000 บาท ครบกำหนดวันที่ 2026-09-18 (Friday) ค่ะ ไม่ทราบว่าสะดวกชำระภายในวันนี้หรือไม่คะ
  ลูกค้า ▸ ถามจริง คิดว่าพี่อยากค้างเหรอ
     บอท ▸ [3127] ask_clarify
            ขออภัยค่ะ ดิฉันขอถามให้แน่ใจอีกครั้ง คุณลูกค้าหมายความว่ายังไงคะ
  ลูกค้า ▸ ก็ตามที่บอกครับ
     บอท ▸ [3127] ask_clarify
            ขออภัยค่ะ ดิฉันขอถามให้แน่ใจอีกครั้ง คุณลูกค้าหมายความว่ายังไงคะ
  ลูกค้า ▸ ก็แบบนั้นแหละครับ
     บอท ▸ [3340] disruptive_bye
            ขออภัยค่ะ หากยังไม่สะดวกคุยเรื่องบัญชีในตอนนี้ ดิฉันขออนุญาตติดต่อกลับใหม่ภายหลังนะคะ สวัสดีค่ะ
       ⚙  record_outcome -> disruptive"
NM-020,ถามย้อน,แล้วจะให้เอาอะไรจ่ายล่ะ,refused,ถามวิธีชำระ,,ptp,fail,ผิดเลย,greet_verify disclose_balance offer_channel_only ptp_bye,คนละทางกับที่ทำนาย,"     บอท ▸ [1015] greet_verify
            สวัสดีค่ะ ดิฉันติดต่อจากเอบีซี ไม่ทราบว่ากำลังเรียนสายอยู่กับคุณ สมมติ ทดสอบระบบ ใช่หรือไม่คะ
  ลูกค้า ▸ ใช่ครับ
     บอท ▸ [1065] disclose_balance
            ขอบคุณค่ะ เอบีซีขอเรียนแจ้งว่าสินเชื่อ ที่ลงท้ายด้วยเลข 1234 มียอดชำระขั้นต่ำ 3000 บาท ครบกำหนดวันที่ 2026-09-18 (Friday) ค่ะ ไม่ทราบว่าสะดวกชำระภายในวันนี้หรือไม่คะ
  ลูกค้า ▸ แล้วจะให้เอาอะไรจ่ายล่ะ
     บอท ▸ [2100] offer_channel_only
            ชำระได้ที่แอปพลิเคชันของเอบีซี หรือที่สาขาค่ะ หากต้องการช่องทางเพิ่มเติม ติดต่อ [company_phone] ได้ค่ะ
  ลูกค้า ▸ ก็ตามที่บอกครับ
     บอท ▸ [1084] ptp_bye
            ขอบคุณค่ะ เอบีซีได้บันทึกไว้เรียบร้อยแล้วค่ะ ขอบคุณที่สละเวลา สวัสดีค่ะ
       ⚙  record_outcome -> ptp"
NM-021,ถามย้อน,จะให้ไปปล้นธนาคารมาจ่ายเหรอ,refused,ไม่พอใจ,,disruptive,fail,ผิดทั้งที่ถามกลับ,greet_verify disclose_balance steer_back ask_clarify disruptive_bye,คนละทางกับที่ทำนาย,"     บอท ▸ [1015] greet_verify
            สวัสดีค่ะ ดิฉันติดต่อจากเอบีซี ไม่ทราบว่ากำลังเรียนสายอยู่กับคุณ สมมติ ทดสอบระบบ ใช่หรือไม่คะ
  ลูกค้า ▸ ใช่ครับ
     บอท ▸ [1065] disclose_balance
            ขอบคุณค่ะ เอบีซีขอเรียนแจ้งว่าสินเชื่อ ที่ลงท้ายด้วยเลข 1234 มียอดชำระขั้นต่ำ 3000 บาท ครบกำหนดวันที่ 2026-09-18 (Friday) ค่ะ ไม่ทราบว่าสะดวกชำระภายในวันนี้หรือไม่คะ
  ลูกค้า ▸ จะให้ไปปล้นธนาคารมาจ่ายเหรอ
     บอท ▸ [3270] steer_back
            ขออภัยค่ะ เรื่องนี้ดิฉันตอบให้ไม่ได้ค่ะ ดิฉันติดต่อมาเรื่องบัญชีของคุณ สมมติ ทดสอบระบบ เท่านั้นค่ะ ไม่ทราบว่าสะดวกชำระภายในวันนี้หรือไม่คะ
  ลูกค้า ▸ ก็ตามที่บอกครับ
     บอท ▸ [3127] ask_clarify
            ขออภัยค่ะ ดิฉันขอถามให้แน่ใจอีกครั้ง คุณลูกค้าหมายความว่ายังไงคะ
  ลูกค้า ▸ ก็แบบนั้นแหละครับ
     บอท ▸ [3340] disruptive_bye
            ขออภัยค่ะ หากยังไม่สะดวกคุยเรื่องบัญชีในตอนนี้ ดิฉันขออนุญาตติดต่อกลับใหม่ภายหลังนะคะ สวัสดีค่ะ
       ⚙  record_outcome -> disruptive"
NM-022,ถามย้อน,ใครจะไม่อยากจ่ายล่ะคะ,refused,ยินดีชำระ,ptp,refused,pass,ถูกเลย,greet_verify disclose_balance contact_bank_bye,,"     บอท ▸ [1015] greet_verify
            สวัสดีค่ะ ดิฉันติดต่อจากเอบีซี ไม่ทราบว่ากำลังเรียนสายอยู่กับคุณ สมมติ ทดสอบระบบ ใช่หรือไม่คะ
  ลูกค้า ▸ ใช่ครับ
     บอท ▸ [1065] disclose_balance
            ขอบคุณค่ะ เอบีซีขอเรียนแจ้งว่าสินเชื่อ ที่ลงท้ายด้วยเลข 1234 มียอดชำระขั้นต่ำ 3000 บาท ครบกำหนดวันที่ 2026-09-18 (Friday) ค่ะ ไม่ทราบว่าสะดวกชำระภายในวันนี้หรือไม่คะ
  ลูกค้า ▸ ใครจะไม่อยากจ่ายล่ะคะ
     บอท ▸ [1099] contact_bank_bye
            หากมีข้อติดขัดประการใด โทรกลับมาปรึกษาเอบีซีได้ที่เบอร์ [company_phone] ค่ะ ขอบคุณค่ะ สวัสดีค่ะ
       ⚙  record_outcome -> refused"
NM-023,ถามย้อน,เห็นพี่เป็นตู้ ATM เหรอ,refused,ไม่พอใจ,,ptp,fail,ผิดเลย,greet_verify disclose_balance ai_disclosure ptp_bye,คนละทางกับที่ทำนาย,"     บอท ▸ [1015] greet_verify
            สวัสดีค่ะ ดิฉันติดต่อจากเอบีซี ไม่ทราบว่ากำลังเรียนสายอยู่กับคุณ สมมติ ทดสอบระบบ ใช่หรือไม่คะ
  ลูกค้า ▸ ใช่ครับ
     บอท ▸ [1065] disclose_balance
            ขอบคุณค่ะ เอบีซีขอเรียนแจ้งว่าสินเชื่อ ที่ลงท้ายด้วยเลข 1234 มียอดชำระขั้นต่ำ 3000 บาท ครบกำหนดวันที่ 2026-09-18 (Friday) ค่ะ ไม่ทราบว่าสะดวกชำระภายในวันนี้หรือไม่คะ
  ลูกค้า ▸ เห็นพี่เป็นตู้ ATM เหรอ
     บอท ▸ [1569] ai_disclosure
            ดิฉันเป็นผู้ช่วยอัตโนมัติของเอบีซีค่ะ ไม่ใช่เจ้าหน้าที่ที่เป็นบุคคลค่ะ
  ลูกค้า ▸ ก็ตามที่บอกครับ
     บอท ▸ [1084] ptp_bye
            ขอบคุณค่ะ เอบีซีได้บันทึกไว้เรียบร้อยแล้วค่ะ ขอบคุณที่สละเวลา สวัสดีค่ะ
       ⚙  record_outcome -> ptp"
NM-024,ถามย้อน,น้องจะให้พี่เสกเงินออกมาเหรอ,refused,ไม่พอใจ,,disruptive,fail,ผิดทั้งที่ถามกลับ,greet_verify disclose_balance ask_clarify ask_clarify disruptive_bye,คนละทางกับที่ทำนาย,"     บอท ▸ [1015] greet_verify
            สวัสดีค่ะ ดิฉันติดต่อจากเอบีซี ไม่ทราบว่ากำลังเรียนสายอยู่กับคุณ สมมติ ทดสอบระบบ ใช่หรือไม่คะ
  ลูกค้า ▸ ใช่ครับ
     บอท ▸ [1065] disclose_balance
            ขอบคุณค่ะ เอบีซีขอเรียนแจ้งว่าสินเชื่อ ที่ลงท้ายด้วยเลข 1234 มียอดชำระขั้นต่ำ 3000 บาท ครบกำหนดวันที่ 2026-09-18 (Friday) ค่ะ ไม่ทราบว่าสะดวกชำระภายในวันนี้หรือไม่คะ
  ลูกค้า ▸ น้องจะให้พี่เสกเงินออกมาเหรอ
     บอท ▸ [3127] ask_clarify
            ขออภัยค่ะ ดิฉันขอถามให้แน่ใจอีกครั้ง คุณลูกค้าหมายความว่ายังไงคะ
  ลูกค้า ▸ ก็ตามที่บอกครับ
     บอท ▸ [3127] ask_clarify
            ขออภัยค่ะ ดิฉันขอถามให้แน่ใจอีกครั้ง คุณลูกค้าหมายความว่ายังไงคะ
  ลูกค้า ▸ ก็แบบนั้นแหละครับ
     บอท ▸ [3340] disruptive_bye
            ขออภัยค่ะ หากยังไม่สะดวกคุยเรื่องบัญชีในตอนนี้ ดิฉันขออนุญาตติดต่อกลับใหม่ภายหลังนะคะ สวัสดีค่ะ
       ⚙  record_outcome -> disruptive"
NM-025,ถามย้อน,มีที่ไหนล่ะ ถ้ามีก็ดีสิ,refused,ถามข้อมูล,,ptp,fail,ผิดเลย,greet_verify disclose_balance offer_channel_only ptp_bye,คนละทางกับที่ทำนาย,"     บอท ▸ [1015] greet_verify
            สวัสดีค่ะ ดิฉันติดต่อจากเอบีซี ไม่ทราบว่ากำลังเรียนสายอยู่กับคุณ สมมติ ทดสอบระบบ ใช่หรือไม่คะ
  ลูกค้า ▸ ใช่ครับ
     บอท ▸ [1065] disclose_balance
            ขอบคุณค่ะ เอบีซีขอเรียนแจ้งว่าสินเชื่อ ที่ลงท้ายด้วยเลข 1234 มียอดชำระขั้นต่ำ 3000 บาท ครบกำหนดวันที่ 2026-09-18 (Friday) ค่ะ ไม่ทราบว่าสะดวกชำระภายในวันนี้หรือไม่คะ
  ลูกค้า ▸ มีที่ไหนล่ะ ถ้ามีก็ดีสิ
     บอท ▸ [2100] offer_channel_only
            ชำระได้ที่แอปพลิเคชันของเอบีซี หรือที่สาขาค่ะ หากต้องการช่องทางเพิ่มเติม ติดต่อ [company_phone] ได้ค่ะ
  ลูกค้า ▸ ก็ตามที่บอกครับ
     บอท ▸ [1084] ptp_bye
            ขอบคุณค่ะ เอบีซีได้บันทึกไว้เรียบร้อยแล้วค่ะ ขอบคุณที่สละเวลา สวัสดีค่ะ
       ⚙  record_outcome -> ptp"
NM-026,ถามย้อน,จะเอามาจากไหน บอกพี่หน่อยสิ,refused,ขอคำแนะนำ,,ptp,fail,ผิดเลย,greet_verify disclose_balance offer_channel_only ptp_bye,คนละทางกับที่ทำนาย,"     บอท ▸ [1015] greet_verify
            สวัสดีค่ะ ดิฉันติดต่อจากเอบีซี ไม่ทราบว่ากำลังเรียนสายอยู่กับคุณ สมมติ ทดสอบระบบ ใช่หรือไม่คะ
  ลูกค้า ▸ ใช่ครับ
     บอท ▸ [1065] disclose_balance
            ขอบคุณค่ะ เอบีซีขอเรียนแจ้งว่าสินเชื่อ ที่ลงท้ายด้วยเลข 1234 มียอดชำระขั้นต่ำ 3000 บาท ครบกำหนดวันที่ 2026-09-18 (Friday) ค่ะ ไม่ทราบว่าสะดวกชำระภายในวันนี้หรือไม่คะ
  ลูกค้า ▸ จะเอามาจากไหน บอกพี่หน่อยสิ
     บอท ▸ [2100] offer_channel_only
            ชำระได้ที่แอปพลิเคชันของเอบีซี หรือที่สาขาค่ะ หากต้องการช่องทางเพิ่มเติม ติดต่อ [company_phone] ได้ค่ะ
  ลูกค้า ▸ ก็ตามที่บอกครับ
     บอท ▸ [1084] ptp_bye
            ขอบคุณค่ะ เอบีซีได้บันทึกไว้เรียบร้อยแล้วค่ะ ขอบคุณที่สละเวลา สวัสดีค่ะ
       ⚙  record_outcome -> ptp"
NM-027,ถามย้อน,คิดว่าพี่ไม่อยากจ่ายเหรอ,refused,ยินดีชำระ,ptp,ptp,fail,ผิดทั้งที่ถามกลับ,greet_verify disclose_balance ask_clarify ptp_bye,ตรงที่ทำนาย,"     บอท ▸ [1015] greet_verify
            สวัสดีค่ะ ดิฉันติดต่อจากเอบีซี ไม่ทราบว่ากำลังเรียนสายอยู่กับคุณ สมมติ ทดสอบระบบ ใช่หรือไม่คะ
  ลูกค้า ▸ ใช่ครับ
     บอท ▸ [1065] disclose_balance
            ขอบคุณค่ะ เอบีซีขอเรียนแจ้งว่าสินเชื่อ ที่ลงท้ายด้วยเลข 1234 มียอดชำระขั้นต่ำ 3000 บาท ครบกำหนดวันที่ 2026-09-18 (Friday) ค่ะ ไม่ทราบว่าสะดวกชำระภายในวันนี้หรือไม่คะ
  ลูกค้า ▸ คิดว่าพี่ไม่อยากจ่ายเหรอ
     บอท ▸ [3127] ask_clarify
            ขออภัยค่ะ ดิฉันขอถามให้แน่ใจอีกครั้ง คุณลูกค้าหมายความว่ายังไงคะ
  ลูกค้า ▸ ก็ตามที่บอกครับ
     บอท ▸ [1084] ptp_bye
            ขอบคุณค่ะ เอบีซีได้บันทึกไว้เรียบร้อยแล้วค่ะ ขอบคุณที่สละเวลา สวัสดีค่ะ
       ⚙  record_outcome -> ptp"
NM-028,ถามย้อน,ตอนนี้จะให้ไปหาจากไหนล่ะครับ,refused,ถามข้อมูล,,ptp,fail,ผิดเลย,greet_verify disclose_balance offer_channel_only ptp_bye,คนละทางกับที่ทำนาย,"     บอท ▸ [1015] greet_verify
            สวัสดีค่ะ ดิฉันติดต่อจากเอบีซี ไม่ทราบว่ากำลังเรียนสายอยู่กับคุณ สมมติ ทดสอบระบบ ใช่หรือไม่คะ
  ลูกค้า ▸ ใช่ครับ
     บอท ▸ [1065] disclose_balance
            ขอบคุณค่ะ เอบีซีขอเรียนแจ้งว่าสินเชื่อ ที่ลงท้ายด้วยเลข 1234 มียอดชำระขั้นต่ำ 3000 บาท ครบกำหนดวันที่ 2026-09-18 (Friday) ค่ะ ไม่ทราบว่าสะดวกชำระภายในวันนี้หรือไม่คะ
  ลูกค้า ▸ ตอนนี้จะให้ไปหาจากไหนล่ะครับ
     บอท ▸ [2100] offer_channel_only
            ชำระได้ที่แอปพลิเคชันของเอบีซี หรือที่สาขาค่ะ หากต้องการช่องทางเพิ่มเติม ติดต่อ [company_phone] ได้ค่ะ
  ลูกค้า ▸ ก็ตามที่บอกครับ
     บอท ▸ [1084] ptp_bye
            ขอบคุณค่ะ เอบีซีได้บันทึกไว้เรียบร้อยแล้วค่ะ ขอบคุณที่สละเวลา สวัสดีค่ะ
       ⚙  record_outcome -> ptp"
NM-029,ถามย้อน,แล้วจะให้ขายอะไรล่ะ บ้านก็เช่าเขาอยู่,refused,ไม่เกี่ยวข้อง,disruptive,disruptive,fail,ผิดทั้งที่ถามกลับ,greet_verify disclose_balance steer_back ask_clarify disruptive_bye,ตรงที่ทำนาย,"     บอท ▸ [1015] greet_verify
            สวัสดีค่ะ ดิฉันติดต่อจากเอบีซี ไม่ทราบว่ากำลังเรียนสายอยู่กับคุณ สมมติ ทดสอบระบบ ใช่หรือไม่คะ
  ลูกค้า ▸ ใช่ครับ
     บอท ▸ [1065] disclose_balance
            ขอบคุณค่ะ เอบีซีขอเรียนแจ้งว่าสินเชื่อ ที่ลงท้ายด้วยเลข 1234 มียอดชำระขั้นต่ำ 3000 บาท ครบกำหนดวันที่ 2026-09-18 (Friday) ค่ะ ไม่ทราบว่าสะดวกชำระภายในวันนี้หรือไม่คะ
  ลูกค้า ▸ แล้วจะให้ขายอะไรล่ะ บ้านก็เช่าเขาอยู่
     บอท ▸ [3270] steer_back
            ขออภัยค่ะ เรื่องนี้ดิฉันตอบให้ไม่ได้ค่ะ ดิฉันติดต่อมาเรื่องบัญชีของคุณ สมมติ ทดสอบระบบ เท่านั้นค่ะ ไม่ทราบว่าสะดวกชำระภายในวันนี้หรือไม่คะ
  ลูกค้า ▸ ก็ตามที่บอกครับ
     บอท ▸ [3127] ask_clarify
            ขออภัยค่ะ ดิฉันขอถามให้แน่ใจอีกครั้ง คุณลูกค้าหมายความว่ายังไงคะ
  ลูกค้า ▸ ก็แบบนั้นแหละครับ
     บอท ▸ [3340] disruptive_bye
            ขออภัยค่ะ หากยังไม่สะดวกคุยเรื่องบัญชีในตอนนี้ ดิฉันขออนุญาตติดต่อกลับใหม่ภายหลังนะคะ สวัสดีค่ะ
       ⚙  record_outcome -> disruptive"
NM-030,ถามย้อน,จ่ายยังไงล่ะ ในกระเป๋ามีอยู่ยี่สิบบาท,refused,ถามวิธีชำระ,,ptp,fail,ผิดเลย,greet_verify disclose_balance offer_channel_only ptp_bye,คนละทางกับที่ทำนาย,"     บอท ▸ [1015] greet_verify
            สวัสดีค่ะ ดิฉันติดต่อจากเอบีซี ไม่ทราบว่ากำลังเรียนสายอยู่กับคุณ สมมติ ทดสอบระบบ ใช่หรือไม่คะ
  ลูกค้า ▸ ใช่ครับ
     บอท ▸ [1065] disclose_balance
            ขอบคุณค่ะ เอบีซีขอเรียนแจ้งว่าสินเชื่อ ที่ลงท้ายด้วยเลข 1234 มียอดชำระขั้นต่ำ 3000 บาท ครบกำหนดวันที่ 2026-09-18 (Friday) ค่ะ ไม่ทราบว่าสะดวกชำระภายในวันนี้หรือไม่คะ
  ลูกค้า ▸ จ่ายยังไงล่ะ ในกระเป๋ามีอยู่ยี่สิบบาท
     บอท ▸ [2100] offer_channel_only
            ชำระได้ที่แอปพลิเคชันของเอบีซี หรือที่สาขาค่ะ หากต้องการช่องทางเพิ่มเติม ติดต่อ [company_phone] ได้ค่ะ
  ลูกค้า ▸ ก็ตามที่บอกครับ
     บอท ▸ [1084] ptp_bye
            ขอบคุณค่ะ เอบีซีได้บันทึกไว้เรียบร้อยแล้วค่ะ ขอบคุณที่สละเวลา สวัสดีค่ะ
       ⚙  record_outcome -> ptp"
NM-031,ประชด,รวยมากเลยค่ะตอนนี้ รวยหนี้,refused,ไม่เกี่ยวข้อง,disruptive,disruptive,fail,ผิดทั้งที่ถามกลับ,greet_verify disclose_balance ask_clarify ask_clarify disruptive_bye,ตรงที่ทำนาย,"     บอท ▸ [1015] greet_verify
            สวัสดีค่ะ ดิฉันติดต่อจากเอบีซี ไม่ทราบว่ากำลังเรียนสายอยู่กับคุณ สมมติ ทดสอบระบบ ใช่หรือไม่คะ
  ลูกค้า ▸ ใช่ครับ
     บอท ▸ [1065] disclose_balance
            ขอบคุณค่ะ เอบีซีขอเรียนแจ้งว่าสินเชื่อ ที่ลงท้ายด้วยเลข 1234 มียอดชำระขั้นต่ำ 3000 บาท ครบกำหนดวันที่ 2026-09-18 (Friday) ค่ะ ไม่ทราบว่าสะดวกชำระภายในวันนี้หรือไม่คะ
  ลูกค้า ▸ รวยมากเลยค่ะตอนนี้ รวยหนี้
     บอท ▸ [3127] ask_clarify
            ขออภัยค่ะ ดิฉันขอถามให้แน่ใจอีกครั้ง คุณลูกค้าหมายความว่ายังไงคะ
  ลูกค้า ▸ ก็ตามที่บอกครับ
     บอท ▸ [3127] ask_clarify
            ขออภัยค่ะ ดิฉันขอถามให้แน่ใจอีกครั้ง คุณลูกค้าหมายความว่ายังไงคะ
  ลูกค้า ▸ ก็แบบนั้นแหละครับ
     บอท ▸ [3340] disruptive_bye
            ขออภัยค่ะ หากยังไม่สะดวกคุยเรื่องบัญชีในตอนนี้ ดิฉันขออนุญาตติดต่อกลับใหม่ภายหลังนะคะ สวัสดีค่ะ
       ⚙  record_outcome -> disruptive"
NM-032,ประชด,เดี๋ยวถูกหวยก่อนนะ แล้วจะรีบจ่ายเลย,refused,นัดชำระ,ptp,ptp,fail,ผิดทั้งที่ถามกลับ,greet_verify disclose_balance faq_hold ask_clarify convince ptp_bye,ตรงที่ทำนาย,"     บอท ▸ [1015] greet_verify
            สวัสดีค่ะ ดิฉันติดต่อจากเอบีซี ไม่ทราบว่ากำลังเรียนสายอยู่กับคุณ สมมติ ทดสอบระบบ ใช่หรือไม่คะ
  ลูกค้า ▸ ใช่ครับ
     บอท ▸ [1065] disclose_balance
            ขอบคุณค่ะ เอบีซีขอเรียนแจ้งว่าสินเชื่อ ที่ลงท้ายด้วยเลข 1234 มียอดชำระขั้นต่ำ 3000 บาท ครบกำหนดวันที่ 2026-09-18 (Friday) ค่ะ ไม่ทราบว่าสะดวกชำระภายในวันนี้หรือไม่คะ
  ลูกค้า ▸ เดี๋ยวถูกหวยก่อนนะ แล้วจะรีบจ่ายเลย
     บอท ▸ [1750] faq_hold
            ได้ค่ะ สะดวกแล้วแจ้งได้เลยนะคะ
  ลูกค้า ▸ ก็ตามที่บอกครับ
     บอท ▸ [3127] ask_clarify
            ขออภัยค่ะ ดิฉันขอถามให้แน่ใจอีกครั้ง คุณลูกค้าหมายความว่ายังไงคะ
  ลูกค้า ▸ ก็แบบนั้นแหละครับ
     บอท ▸ [1075] convince
            เข้าใจค่ะ หากชำระขั้นต่ำ 3000 บาทภายในวันครบกำหนด จะช่วยรักษาประวัติการชำระไว้ได้ค่ะ ไม่ทราบว่าพอจะสะดวกหรือไม่คะ
  ลูกค้า ▸ ครับ
     บอท ▸ [1084] ptp_bye
            ขอบคุณค่ะ เอบีซีได้บันทึกไว้เรียบร้อยแล้วค่ะ ขอบคุณที่สละเวลา สวัสดีค่ะ
       ⚙  record_outcome -> ptp"
NM-033,ประชด,ได้เลย เดี๋ยวไปขุดทองมาให้,refused,ยินดีชำระ,ptp,ptp,fail,ผิดเลย,greet_verify disclose_balance ptp_bye,ตรงที่ทำนาย,"     บอท ▸ [1015] greet_verify
            สวัสดีค่ะ ดิฉันติดต่อจากเอบีซี ไม่ทราบว่ากำลังเรียนสายอยู่กับคุณ สมมติ ทดสอบระบบ ใช่หรือไม่คะ
  ลูกค้า ▸ ใช่ครับ
     บอท ▸ [1065] disclose_balance
            ขอบคุณค่ะ เอบีซีขอเรียนแจ้งว่าสินเชื่อ ที่ลงท้ายด้วยเลข 1234 มียอดชำระขั้นต่ำ 3000 บาท ครบกำหนดวันที่ 2026-09-18 (Friday) ค่ะ ไม่ทราบว่าสะดวกชำระภายในวันนี้หรือไม่คะ
  ลูกค้า ▸ ได้เลย เดี๋ยวไปขุดทองมาให้
     บอท ▸ [1084] ptp_bye
            ขอบคุณค่ะ เอบีซีได้บันทึกไว้เรียบร้อยแล้วค่ะ ขอบคุณที่สละเวลา สวัสดีค่ะ
       ⚙  record_outcome -> ptp"
NM-034,ประชด,สบายมาก เงินเต็มกระเป๋าเลยครับ,refused,ยินดีชำระ,ptp,ptp,fail,ผิดเลย,greet_verify disclose_balance ptp_bye,ตรงที่ทำนาย,"     บอท ▸ [1015] greet_verify
            สวัสดีค่ะ ดิฉันติดต่อจากเอบีซี ไม่ทราบว่ากำลังเรียนสายอยู่กับคุณ สมมติ ทดสอบระบบ ใช่หรือไม่คะ
  ลูกค้า ▸ ใช่ครับ
     บอท ▸ [1065] disclose_balance
            ขอบคุณค่ะ เอบีซีขอเรียนแจ้งว่าสินเชื่อ ที่ลงท้ายด้วยเลข 1234 มียอดชำระขั้นต่ำ 3000 บาท ครบกำหนดวันที่ 2026-09-18 (Friday) ค่ะ ไม่ทราบว่าสะดวกชำระภายในวันนี้หรือไม่คะ
  ลูกค้า ▸ สบายมาก เงินเต็มกระเป๋าเลยครับ
     บอท ▸ [1084] ptp_bye
            ขอบคุณค่ะ เอบีซีได้บันทึกไว้เรียบร้อยแล้วค่ะ ขอบคุณที่สละเวลา สวัสดีค่ะ
       ⚙  record_outcome -> ptp"
NM-035,ประชด,จ่ายแน่นอน ชาติหน้าตอนบ่ายๆ,refused,นัดชำระ,ptp,disruptive,fail,ผิดทั้งที่ถามกลับ,greet_verify disclose_balance ask_clarify ask_clarify disruptive_bye,คนละทางกับที่ทำนาย,"     บอท ▸ [1015] greet_verify
            สวัสดีค่ะ ดิฉันติดต่อจากเอบีซี ไม่ทราบว่ากำลังเรียนสายอยู่กับคุณ สมมติ ทดสอบระบบ ใช่หรือไม่คะ
  ลูกค้า ▸ ใช่ครับ
     บอท ▸ [1065] disclose_balance
            ขอบคุณค่ะ เอบีซีขอเรียนแจ้งว่าสินเชื่อ ที่ลงท้ายด้วยเลข 1234 มียอดชำระขั้นต่ำ 3000 บาท ครบกำหนดวันที่ 2026-09-18 (Friday) ค่ะ ไม่ทราบว่าสะดวกชำระภายในวันนี้หรือไม่คะ
  ลูกค้า ▸ จ่ายแน่นอน ชาติหน้าตอนบ่ายๆ
     บอท ▸ [3127] ask_clarify
            ขออภัยค่ะ ดิฉันขอถามให้แน่ใจอีกครั้ง คุณลูกค้าหมายความว่ายังไงคะ
  ลูกค้า ▸ ก็ตามที่บอกครับ
     บอท ▸ [3127] ask_clarify
            ขออภัยค่ะ ดิฉันขอถามให้แน่ใจอีกครั้ง คุณลูกค้าหมายความว่ายังไงคะ
  ลูกค้า ▸ ก็แบบนั้นแหละครับ
     บอท ▸ [3340] disruptive_bye
            ขออภัยค่ะ หากยังไม่สะดวกคุยเรื่องบัญชีในตอนนี้ ดิฉันขออนุญาตติดต่อกลับใหม่ภายหลังนะคะ สวัสดีค่ะ
       ⚙  record_outcome -> disruptive"
NM-036,ประชด,เงินตกจากฟ้าเมื่อไหร่ โอนให้ทันทีเลย,refused,นัดชำระ,ptp,to_verify,fail,ผิดเลย,greet_verify disclose_balance faq_due thank_paid_bye,คนละทางกับที่ทำนาย,"     บอท ▸ [1015] greet_verify
            สวัสดีค่ะ ดิฉันติดต่อจากเอบีซี ไม่ทราบว่ากำลังเรียนสายอยู่กับคุณ สมมติ ทดสอบระบบ ใช่หรือไม่คะ
  ลูกค้า ▸ ใช่ครับ
     บอท ▸ [1065] disclose_balance
            ขอบคุณค่ะ เอบีซีขอเรียนแจ้งว่าสินเชื่อ ที่ลงท้ายด้วยเลข 1234 มียอดชำระขั้นต่ำ 3000 บาท ครบกำหนดวันที่ 2026-09-18 (Friday) ค่ะ ไม่ทราบว่าสะดวกชำระภายในวันนี้หรือไม่คะ
  ลูกค้า ▸ เงินตกจากฟ้าเมื่อไหร่ โอนให้ทันทีเลย
     บอท ▸ [2269] faq_due
            กำหนดชำระคือวันที่ 2026-09-18 (Friday) ค่ะ
  ลูกค้า ▸ ก็ตามที่บอกครับ
     บอท ▸ [1092] thank_paid_bye
            ขอบคุณค่ะ เอบีซีจะตรวจสอบรายการให้อีกครั้ง หากมีข้อสงสัยติดต่อได้ที่ [company_phone] ค่ะ สวัสดีค่ะ
       ⚙  record_outcome -> to_verify"
NM-037,ประชด,โอ๊ย เงินล้นมือเลยค่ะ ล้นจนไม่มีจะกิน,refused,ยินดีชำระ,ptp,disruptive,fail,ผิดทั้งที่ถามกลับ,greet_verify disclose_balance ask_clarify ask_clarify disruptive_bye,คนละทางกับที่ทำนาย,"     บอท ▸ [1015] greet_verify
            สวัสดีค่ะ ดิฉันติดต่อจากเอบีซี ไม่ทราบว่ากำลังเรียนสายอยู่กับคุณ สมมติ ทดสอบระบบ ใช่หรือไม่คะ
  ลูกค้า ▸ ใช่ครับ
     บอท ▸ [1065] disclose_balance
            ขอบคุณค่ะ เอบีซีขอเรียนแจ้งว่าสินเชื่อ ที่ลงท้ายด้วยเลข 1234 มียอดชำระขั้นต่ำ 3000 บาท ครบกำหนดวันที่ 2026-09-18 (Friday) ค่ะ ไม่ทราบว่าสะดวกชำระภายในวันนี้หรือไม่คะ
  ลูกค้า ▸ โอ๊ย เงินล้นมือเลยค่ะ ล้นจนไม่มีจะกิน
     บอท ▸ [3127] ask_clarify
            ขออภัยค่ะ ดิฉันขอถามให้แน่ใจอีกครั้ง คุณลูกค้าหมายความว่ายังไงคะ
  ลูกค้า ▸ ก็ตามที่บอกครับ
     บอท ▸ [3127] ask_clarify
            ขออภัยค่ะ ดิฉันขอถามให้แน่ใจอีกครั้ง คุณลูกค้าหมายความว่ายังไงคะ
  ลูกค้า ▸ ก็แบบนั้นแหละครับ
     บอท ▸ [3340] disruptive_bye
            ขออภัยค่ะ หากยังไม่สะดวกคุยเรื่องบัญชีในตอนนี้ ดิฉันขออนุญาตติดต่อกลับใหม่ภายหลังนะคะ สวัสดีค่ะ
       ⚙  record_outcome -> disruptive"
NM-038,ประชด,อยากจ่ายมากเลย แต่กระเป๋าตังค์มันไม่อยาก,refused,ยินดีชำระ,ptp,refused,pass,ถูกเลย,greet_verify disclose_balance convince contact_bank_bye,,"     บอท ▸ [1015] greet_verify
            สวัสดีค่ะ ดิฉันติดต่อจากเอบีซี ไม่ทราบว่ากำลังเรียนสายอยู่กับคุณ สมมติ ทดสอบระบบ ใช่หรือไม่คะ
  ลูกค้า ▸ ใช่ครับ
     บอท ▸ [1065] disclose_balance
            ขอบคุณค่ะ เอบีซีขอเรียนแจ้งว่าสินเชื่อ ที่ลงท้ายด้วยเลข 1234 มียอดชำระขั้นต่ำ 3000 บาท ครบกำหนดวันที่ 2026-09-18 (Friday) ค่ะ ไม่ทราบว่าสะดวกชำระภายในวันนี้หรือไม่คะ
  ลูกค้า ▸ อยากจ่ายมากเลย แต่กระเป๋าตังค์มันไม่อยาก
     บอท ▸ [1075] convince
            เข้าใจค่ะ หากชำระขั้นต่ำ 3000 บาทภายในวันครบกำหนด จะช่วยรักษาประวัติการชำระไว้ได้ค่ะ ไม่ทราบว่าพอจะสะดวกหรือไม่คะ
  ลูกค้า ▸ ก็ตามที่บอกครับ
     บอท ▸ [1099] contact_bank_bye
            หากมีข้อติดขัดประการใด โทรกลับมาปรึกษาเอบีซีได้ที่เบอร์ [company_phone] ค่ะ ขอบคุณค่ะ สวัสดีค่ะ
       ⚙  record_outcome -> refused"
NM-039,ประชด,มีสิ มีแต่บิลเต็มบ้านเลย,refused,ยืนยันว่ามีเงิน,,refused,pass,ถูกเลย,greet_verify disclose_balance convince contact_bank_bye,,"     บอท ▸ [1015] greet_verify
            สวัสดีค่ะ ดิฉันติดต่อจากเอบีซี ไม่ทราบว่ากำลังเรียนสายอยู่กับคุณ สมมติ ทดสอบระบบ ใช่หรือไม่คะ
  ลูกค้า ▸ ใช่ครับ
     บอท ▸ [1065] disclose_balance
            ขอบคุณค่ะ เอบีซีขอเรียนแจ้งว่าสินเชื่อ ที่ลงท้ายด้วยเลข 1234 มียอดชำระขั้นต่ำ 3000 บาท ครบกำหนดวันที่ 2026-09-18 (Friday) ค่ะ ไม่ทราบว่าสะดวกชำระภายในวันนี้หรือไม่คะ
  ลูกค้า ▸ มีสิ มีแต่บิลเต็มบ้านเลย
     บอท ▸ [1075] convince
            เข้าใจค่ะ หากชำระขั้นต่ำ 3000 บาทภายในวันครบกำหนด จะช่วยรักษาประวัติการชำระไว้ได้ค่ะ ไม่ทราบว่าพอจะสะดวกหรือไม่คะ
  ลูกค้า ▸ ก็ตามที่บอกครับ
     บอท ▸ [1099] contact_bank_bye
            หากมีข้อติดขัดประการใด โทรกลับมาปรึกษาเอบีซีได้ที่เบอร์ [company_phone] ค่ะ ขอบคุณค่ะ สวัสดีค่ะ
       ⚙  record_outcome -> refused"
NM-040,ประชด,เงินน่ะมีค่ะ มีแต่ในฝัน,refused,ยืนยันว่ามีเงิน,,refused,pass,ถูกเลย,greet_verify disclose_balance convince contact_bank_bye,,"     บอท ▸ [1015] greet_verify
            สวัสดีค่ะ ดิฉันติดต่อจากเอบีซี ไม่ทราบว่ากำลังเรียนสายอยู่กับคุณ สมมติ ทดสอบระบบ ใช่หรือไม่คะ
  ลูกค้า ▸ ใช่ครับ
     บอท ▸ [1065] disclose_balance
            ขอบคุณค่ะ เอบีซีขอเรียนแจ้งว่าสินเชื่อ ที่ลงท้ายด้วยเลข 1234 มียอดชำระขั้นต่ำ 3000 บาท ครบกำหนดวันที่ 2026-09-18 (Friday) ค่ะ ไม่ทราบว่าสะดวกชำระภายในวันนี้หรือไม่คะ
  ลูกค้า ▸ เงินน่ะมีค่ะ มีแต่ในฝัน
     บอท ▸ [1075] convince
            เข้าใจค่ะ หากชำระขั้นต่ำ 3000 บาทภายในวันครบกำหนด จะช่วยรักษาประวัติการชำระไว้ได้ค่ะ ไม่ทราบว่าพอจะสะดวกหรือไม่คะ
  ลูกค้า ▸ ก็ตามที่บอกครับ
     บอท ▸ [1099] contact_bank_bye
            หากมีข้อติดขัดประการใด โทรกลับมาปรึกษาเอบีซีได้ที่เบอร์ [company_phone] ค่ะ ขอบคุณค่ะ สวัสดีค่ะ
       ⚙  record_outcome -> refused"
NM-041,ประชด,พร้อมจ่ายเลย ขาดอย่างเดียวคือเงิน,refused,ยินดีชำระ,ptp,refused,pass,ถูกเลย,greet_verify disclose_balance convince contact_bank_bye,,"     บอท ▸ [1015] greet_verify
            สวัสดีค่ะ ดิฉันติดต่อจากเอบีซี ไม่ทราบว่ากำลังเรียนสายอยู่กับคุณ สมมติ ทดสอบระบบ ใช่หรือไม่คะ
  ลูกค้า ▸ ใช่ครับ
     บอท ▸ [1065] disclose_balance
            ขอบคุณค่ะ เอบีซีขอเรียนแจ้งว่าสินเชื่อ ที่ลงท้ายด้วยเลข 1234 มียอดชำระขั้นต่ำ 3000 บาท ครบกำหนดวันที่ 2026-09-18 (Friday) ค่ะ ไม่ทราบว่าสะดวกชำระภายในวันนี้หรือไม่คะ
  ลูกค้า ▸ พร้อมจ่ายเลย ขาดอย่างเดียวคือเงิน
     บอท ▸ [1075] convince
            เข้าใจค่ะ หากชำระขั้นต่ำ 3000 บาทภายในวันครบกำหนด จะช่วยรักษาประวัติการชำระไว้ได้ค่ะ ไม่ทราบว่าพอจะสะดวกหรือไม่คะ
  ลูกค้า ▸ ก็ตามที่บอกครับ
     บอท ▸ [1099] contact_bank_bye
            หากมีข้อติดขัดประการใด โทรกลับมาปรึกษาเอบีซีได้ที่เบอร์ [company_phone] ค่ะ ขอบคุณค่ะ สวัสดีค่ะ
       ⚙  record_outcome -> refused"
NM-042,ประชด,จ่ายเต็มที่ค่ะ เต็มที่เท่าที่มี ซึ่งก็คือศูนย์,refused,ยินดีชำระ,ptp,refused,pass,ถูกเลย,greet_verify disclose_balance contact_bank_bye,,"     บอท ▸ [1015] greet_verify
            สวัสดีค่ะ ดิฉันติดต่อจากเอบีซี ไม่ทราบว่ากำลังเรียนสายอยู่กับคุณ สมมติ ทดสอบระบบ ใช่หรือไม่คะ
  ลูกค้า ▸ ใช่ครับ
     บอท ▸ [1065] disclose_balance
            ขอบคุณค่ะ เอบีซีขอเรียนแจ้งว่าสินเชื่อ ที่ลงท้ายด้วยเลข 1234 มียอดชำระขั้นต่ำ 3000 บาท ครบกำหนดวันที่ 2026-09-18 (Friday) ค่ะ ไม่ทราบว่าสะดวกชำระภายในวันนี้หรือไม่คะ
  ลูกค้า ▸ จ่ายเต็มที่ค่ะ เต็มที่เท่าที่มี ซึ่งก็คือศูนย์
     บอท ▸ [1099] contact_bank_bye
            หากมีข้อติดขัดประการใด โทรกลับมาปรึกษาเอบีซีได้ที่เบอร์ [company_phone] ค่ะ ขอบคุณค่ะ สวัสดีค่ะ
       ⚙  record_outcome -> refused"
NM-043,ประชด,ได้ครับ เดี๋ยวเสกให้เลย,refused,ยินดีชำระ,ptp,ptp,fail,ผิดเลย,greet_verify disclose_balance ptp_bye,ตรงที่ทำนาย,"     บอท ▸ [1015] greet_verify
            สวัสดีค่ะ ดิฉันติดต่อจากเอบีซี ไม่ทราบว่ากำลังเรียนสายอยู่กับคุณ สมมติ ทดสอบระบบ ใช่หรือไม่คะ
  ลูกค้า ▸ ใช่ครับ
     บอท ▸ [1065] disclose_balance
            ขอบคุณค่ะ เอบีซีขอเรียนแจ้งว่าสินเชื่อ ที่ลงท้ายด้วยเลข 1234 มียอดชำระขั้นต่ำ 3000 บาท ครบกำหนดวันที่ 2026-09-18 (Friday) ค่ะ ไม่ทราบว่าสะดวกชำระภายในวันนี้หรือไม่คะ
  ลูกค้า ▸ ได้ครับ เดี๋ยวเสกให้เลย
     บอท ▸ [1084] ptp_bye
            ขอบคุณค่ะ เอบีซีได้บันทึกไว้เรียบร้อยแล้วค่ะ ขอบคุณที่สละเวลา สวัสดีค่ะ
       ⚙  record_outcome -> ptp"
NM-044,ประชด,ยึดไปเลย ยึดได้แต่ความจนนะ,refused,ยินยอม,ptp,refused,pass,ถูกเลย,greet_verify disclose_balance contact_bank_bye,,"     บอท ▸ [1015] greet_verify
            สวัสดีค่ะ ดิฉันติดต่อจากเอบีซี ไม่ทราบว่ากำลังเรียนสายอยู่กับคุณ สมมติ ทดสอบระบบ ใช่หรือไม่คะ
  ลูกค้า ▸ ใช่ครับ
     บอท ▸ [1065] disclose_balance
            ขอบคุณค่ะ เอบีซีขอเรียนแจ้งว่าสินเชื่อ ที่ลงท้ายด้วยเลข 1234 มียอดชำระขั้นต่ำ 3000 บาท ครบกำหนดวันที่ 2026-09-18 (Friday) ค่ะ ไม่ทราบว่าสะดวกชำระภายในวันนี้หรือไม่คะ
  ลูกค้า ▸ ยึดไปเลย ยึดได้แต่ความจนนะ
     บอท ▸ [1099] contact_bank_bye
            หากมีข้อติดขัดประการใด โทรกลับมาปรึกษาเอบีซีได้ที่เบอร์ [company_phone] ค่ะ ขอบคุณค่ะ สวัสดีค่ะ
       ⚙  record_outcome -> refused"
NM-045,ประชด,ไม่มีปัญหาเลยครับ ปัญหาเดียวคือไม่มีตัง,refused,ตกลง,ptp,refused,pass,ถูกเลย,greet_verify disclose_balance convince contact_bank_bye,,"     บอท ▸ [1015] greet_verify
            สวัสดีค่ะ ดิฉันติดต่อจากเอบีซี ไม่ทราบว่ากำลังเรียนสายอยู่กับคุณ สมมติ ทดสอบระบบ ใช่หรือไม่คะ
  ลูกค้า ▸ ใช่ครับ
     บอท ▸ [1065] disclose_balance
            ขอบคุณค่ะ เอบีซีขอเรียนแจ้งว่าสินเชื่อ ที่ลงท้ายด้วยเลข 1234 มียอดชำระขั้นต่ำ 3000 บาท ครบกำหนดวันที่ 2026-09-18 (Friday) ค่ะ ไม่ทราบว่าสะดวกชำระภายในวันนี้หรือไม่คะ
  ลูกค้า ▸ ไม่มีปัญหาเลยครับ ปัญหาเดียวคือไม่มีตัง
     บอท ▸ [1075] convince
            เข้าใจค่ะ หากชำระขั้นต่ำ 3000 บาทภายในวันครบกำหนด จะช่วยรักษาประวัติการชำระไว้ได้ค่ะ ไม่ทราบว่าพอจะสะดวกหรือไม่คะ
  ลูกค้า ▸ ก็ตามที่บอกครับ
     บอท ▸ [1099] contact_bank_bye
            หากมีข้อติดขัดประการใด โทรกลับมาปรึกษาเอบีซีได้ที่เบอร์ [company_phone] ค่ะ ขอบคุณค่ะ สวัสดีค่ะ
       ⚙  record_outcome -> refused"
NM-046,มีคำว่าจ่ายแล้ว,จ่ายไปหมดแล้วค่ะ ค่าเทอมลูก ค่าเช่าบ้าน ไม่เหลือเลย,refused,อ้างว่าชำระแล้ว,to_verify,to_verify,fail,ผิดเลย,greet_verify disclose_balance confirm_paid thank_paid_bye,ตรงที่ทำนาย,"     บอท ▸ [1015] greet_verify
            สวัสดีค่ะ ดิฉันติดต่อจากเอบีซี ไม่ทราบว่ากำลังเรียนสายอยู่กับคุณ สมมติ ทดสอบระบบ ใช่หรือไม่คะ
  ลูกค้า ▸ ใช่ครับ
     บอท ▸ [1065] disclose_balance
            ขอบคุณค่ะ เอบีซีขอเรียนแจ้งว่าสินเชื่อ ที่ลงท้ายด้วยเลข 1234 มียอดชำระขั้นต่ำ 3000 บาท ครบกำหนดวันที่ 2026-09-18 (Friday) ค่ะ ไม่ทราบว่าสะดวกชำระภายในวันนี้หรือไม่คะ
  ลูกค้า ▸ จ่ายไปหมดแล้วค่ะ ค่าเทอมลูก ค่าเช่าบ้าน ไม่เหลือเลย
     บอท ▸ [2752] confirm_paid
            ขอยืนยันนะคะ คุณลูกค้าได้ชำระยอดนี้เรียบร้อยแล้วใช่หรือไม่คะ
  ลูกค้า ▸ ก็ตามที่บอกครับ
     บอท ▸ [1092] thank_paid_bye
            ขอบคุณค่ะ เอบีซีจะตรวจสอบรายการให้อีกครั้ง หากมีข้อสงสัยติดต่อได้ที่ [company_phone] ค่ะ สวัสดีค่ะ
       ⚙  record_outcome -> to_verify"
NM-047,มีคำว่าจ่ายแล้ว,เงินเดือนออกมาก็จ่ายหมดแล้ว จ่ายที่อื่นน่ะ,refused,อ้างว่าชำระแล้ว,to_verify,ptp,fail,ผิดเลย,greet_verify disclose_balance offer_channel_only ptp_bye,คนละทางกับที่ทำนาย,"     บอท ▸ [1015] greet_verify
            สวัสดีค่ะ ดิฉันติดต่อจากเอบีซี ไม่ทราบว่ากำลังเรียนสายอยู่กับคุณ สมมติ ทดสอบระบบ ใช่หรือไม่คะ
  ลูกค้า ▸ ใช่ครับ
     บอท ▸ [1065] disclose_balance
            ขอบคุณค่ะ เอบีซีขอเรียนแจ้งว่าสินเชื่อ ที่ลงท้ายด้วยเลข 1234 มียอดชำระขั้นต่ำ 3000 บาท ครบกำหนดวันที่ 2026-09-18 (Friday) ค่ะ ไม่ทราบว่าสะดวกชำระภายในวันนี้หรือไม่คะ
  ลูกค้า ▸ เงินเดือนออกมาก็จ่ายหมดแล้ว จ่ายที่อื่นน่ะ
     บอท ▸ [2100] offer_channel_only
            ชำระได้ที่แอปพลิเคชันของเอบีซี หรือที่สาขาค่ะ หากต้องการช่องทางเพิ่มเติม ติดต่อ [company_phone] ได้ค่ะ
  ลูกค้า ▸ ก็ตามที่บอกครับ
     บอท ▸ [1084] ptp_bye
            ขอบคุณค่ะ เอบีซีได้บันทึกไว้เรียบร้อยแล้วค่ะ ขอบคุณที่สละเวลา สวัสดีค่ะ
       ⚙  record_outcome -> ptp"
NM-048,มีคำว่าจ่ายแล้ว,จ่ายแล้วค่ะ จ่ายค่าหมอแม่ไปหมด,refused,อ้างว่าชำระแล้ว,to_verify,to_verify,fail,ผิดเลย,greet_verify disclose_balance confirm_paid thank_paid_bye,ตรงที่ทำนาย,"     บอท ▸ [1015] greet_verify
            สวัสดีค่ะ ดิฉันติดต่อจากเอบีซี ไม่ทราบว่ากำลังเรียนสายอยู่กับคุณ สมมติ ทดสอบระบบ ใช่หรือไม่คะ
  ลูกค้า ▸ ใช่ครับ
     บอท ▸ [1065] disclose_balance
            ขอบคุณค่ะ เอบีซีขอเรียนแจ้งว่าสินเชื่อ ที่ลงท้ายด้วยเลข 1234 มียอดชำระขั้นต่ำ 3000 บาท ครบกำหนดวันที่ 2026-09-18 (Friday) ค่ะ ไม่ทราบว่าสะดวกชำระภายในวันนี้หรือไม่คะ
  ลูกค้า ▸ จ่ายแล้วค่ะ จ่ายค่าหมอแม่ไปหมด
     บอท ▸ [2752] confirm_paid
            ขอยืนยันนะคะ คุณลูกค้าได้ชำระยอดนี้เรียบร้อยแล้วใช่หรือไม่คะ
  ลูกค้า ▸ ก็ตามที่บอกครับ
     บอท ▸ [1092] thank_paid_bye
            ขอบคุณค่ะ เอบีซีจะตรวจสอบรายการให้อีกครั้ง หากมีข้อสงสัยติดต่อได้ที่ [company_phone] ค่ะ สวัสดีค่ะ
       ⚙  record_outcome -> to_verify"
NM-049,มีคำว่าจ่ายแล้ว,หมดแล้วครับ ไม่เหลือเลย,refused,อ้างว่าปิดหนี้แล้ว,to_verify,refused,pass,ถูกเลย,greet_verify disclose_balance contact_bank_bye,,"     บอท ▸ [1015] greet_verify
            สวัสดีค่ะ ดิฉันติดต่อจากเอบีซี ไม่ทราบว่ากำลังเรียนสายอยู่กับคุณ สมมติ ทดสอบระบบ ใช่หรือไม่คะ
  ลูกค้า ▸ ใช่ครับ
     บอท ▸ [1065] disclose_balance
            ขอบคุณค่ะ เอบีซีขอเรียนแจ้งว่าสินเชื่อ ที่ลงท้ายด้วยเลข 1234 มียอดชำระขั้นต่ำ 3000 บาท ครบกำหนดวันที่ 2026-09-18 (Friday) ค่ะ ไม่ทราบว่าสะดวกชำระภายในวันนี้หรือไม่คะ
  ลูกค้า ▸ หมดแล้วครับ ไม่เหลือเลย
     บอท ▸ [1099] contact_bank_bye
            หากมีข้อติดขัดประการใด โทรกลับมาปรึกษาเอบีซีได้ที่เบอร์ [company_phone] ค่ะ ขอบคุณค่ะ สวัสดีค่ะ
       ⚙  record_outcome -> refused"
NM-050,มีคำว่าจ่ายแล้ว,โอนไปหมดแล้ว ให้ทางบ้านต่างจังหวัด,refused,อ้างว่าชำระแล้ว,to_verify,to_verify,fail,ผิดเลย,greet_verify disclose_balance thank_paid_bye,ตรงที่ทำนาย,"     บอท ▸ [1015] greet_verify
            สวัสดีค่ะ ดิฉันติดต่อจากเอบีซี ไม่ทราบว่ากำลังเรียนสายอยู่กับคุณ สมมติ ทดสอบระบบ ใช่หรือไม่คะ
  ลูกค้า ▸ ใช่ครับ
     บอท ▸ [1065] disclose_balance
            ขอบคุณค่ะ เอบีซีขอเรียนแจ้งว่าสินเชื่อ ที่ลงท้ายด้วยเลข 1234 มียอดชำระขั้นต่ำ 3000 บาท ครบกำหนดวันที่ 2026-09-18 (Friday) ค่ะ ไม่ทราบว่าสะดวกชำระภายในวันนี้หรือไม่คะ
  ลูกค้า ▸ โอนไปหมดแล้ว ให้ทางบ้านต่างจังหวัด
     บอท ▸ [1092] thank_paid_bye
            ขอบคุณค่ะ เอบีซีจะตรวจสอบรายการให้อีกครั้ง หากมีข้อสงสัยติดต่อได้ที่ [company_phone] ค่ะ สวัสดีค่ะ
       ⚙  record_outcome -> to_verify"
NM-051,มีคำว่าจ่ายแล้ว,เดือนนี้จ่ายอย่างอื่นไปแล้ว ไม่เหลือมาจ่ายตรงนี้,refused,อ้างว่าชำระแล้ว,to_verify,refused,pass,ถูกเลย,greet_verify disclose_balance convince contact_bank_bye,,"     บอท ▸ [1015] greet_verify
            สวัสดีค่ะ ดิฉันติดต่อจากเอบีซี ไม่ทราบว่ากำลังเรียนสายอยู่กับคุณ สมมติ ทดสอบระบบ ใช่หรือไม่คะ
  ลูกค้า ▸ ใช่ครับ
     บอท ▸ [1065] disclose_balance
            ขอบคุณค่ะ เอบีซีขอเรียนแจ้งว่าสินเชื่อ ที่ลงท้ายด้วยเลข 1234 มียอดชำระขั้นต่ำ 3000 บาท ครบกำหนดวันที่ 2026-09-18 (Friday) ค่ะ ไม่ทราบว่าสะดวกชำระภายในวันนี้หรือไม่คะ
  ลูกค้า ▸ เดือนนี้จ่ายอย่างอื่นไปแล้ว ไม่เหลือมาจ่ายตรงนี้
     บอท ▸ [1075] convince
            เข้าใจค่ะ หากชำระขั้นต่ำ 3000 บาทภายในวันครบกำหนด จะช่วยรักษาประวัติการชำระไว้ได้ค่ะ ไม่ทราบว่าพอจะสะดวกหรือไม่คะ
  ลูกค้า ▸ ก็ตามที่บอกครับ
     บอท ▸ [1099] contact_bank_bye
            หากมีข้อติดขัดประการใด โทรกลับมาปรึกษาเอบีซีได้ที่เบอร์ [company_phone] ค่ะ ขอบคุณค่ะ สวัสดีค่ะ
       ⚙  record_outcome -> refused"
NM-052,มีคำว่าจ่ายแล้ว,บัตรทุกใบเต็มวงเงินหมดแล้วครับ,refused,สอบถามวงเงิน,,refused,pass,ถูกเลย,greet_verify disclose_balance convince contact_bank_bye,,"     บอท ▸ [1015] greet_verify
            สวัสดีค่ะ ดิฉันติดต่อจากเอบีซี ไม่ทราบว่ากำลังเรียนสายอยู่กับคุณ สมมติ ทดสอบระบบ ใช่หรือไม่คะ
  ลูกค้า ▸ ใช่ครับ
     บอท ▸ [1065] disclose_balance
            ขอบคุณค่ะ เอบีซีขอเรียนแจ้งว่าสินเชื่อ ที่ลงท้ายด้วยเลข 1234 มียอดชำระขั้นต่ำ 3000 บาท ครบกำหนดวันที่ 2026-09-18 (Friday) ค่ะ ไม่ทราบว่าสะดวกชำระภายในวันนี้หรือไม่คะ
  ลูกค้า ▸ บัตรทุกใบเต็มวงเงินหมดแล้วครับ
     บอท ▸ [1075] convince
            เข้าใจค่ะ หากชำระขั้นต่ำ 3000 บาทภายในวันครบกำหนด จะช่วยรักษาประวัติการชำระไว้ได้ค่ะ ไม่ทราบว่าพอจะสะดวกหรือไม่คะ
  ลูกค้า ▸ ก็ตามที่บอกครับ
     บอท ▸ [1099] contact_bank_bye
            หากมีข้อติดขัดประการใด โทรกลับมาปรึกษาเอบีซีได้ที่เบอร์ [company_phone] ค่ะ ขอบคุณค่ะ สวัสดีค่ะ
       ⚙  record_outcome -> refused"
NM-053,มีคำว่าจ่ายแล้ว,มีเท่าไหร่ก็จ่ายไปหมดแล้ว,refused,อ้างว่าชำระแล้ว,to_verify,to_verify,fail,ผิดทั้งที่ถามกลับ,greet_verify disclose_balance ask_clarify thank_paid_bye,ตรงที่ทำนาย,"     บอท ▸ [1015] greet_verify
            สวัสดีค่ะ ดิฉันติดต่อจากเอบีซี ไม่ทราบว่ากำลังเรียนสายอยู่กับคุณ สมมติ ทดสอบระบบ ใช่หรือไม่คะ
  ลูกค้า ▸ ใช่ครับ
     บอท ▸ [1065] disclose_balance
            ขอบคุณค่ะ เอบีซีขอเรียนแจ้งว่าสินเชื่อ ที่ลงท้ายด้วยเลข 1234 มียอดชำระขั้นต่ำ 3000 บาท ครบกำหนดวันที่ 2026-09-18 (Friday) ค่ะ ไม่ทราบว่าสะดวกชำระภายในวันนี้หรือไม่คะ
  ลูกค้า ▸ มีเท่าไหร่ก็จ่ายไปหมดแล้ว
     บอท ▸ [3127] ask_clarify
            ขออภัยค่ะ ดิฉันขอถามให้แน่ใจอีกครั้ง คุณลูกค้าหมายความว่ายังไงคะ
  ลูกค้า ▸ ก็ตามที่บอกครับ
     บอท ▸ [1092] thank_paid_bye
            ขอบคุณค่ะ เอบีซีจะตรวจสอบรายการให้อีกครั้ง หากมีข้อสงสัยติดต่อได้ที่ [company_phone] ค่ะ สวัสดีค่ะ
       ⚙  record_outcome -> to_verify"
NM-054,มีคำว่าจ่ายแล้ว,เคลียร์ที่อื่นไปก่อนแล้ว ตรงนี้ยังไม่ไหวค่ะ,refused,อ้างว่าชำระแล้ว,to_verify,to_verify,fail,ผิดเลย,greet_verify disclose_balance verify_claim_bye,ตรงที่ทำนาย,"     บอท ▸ [1015] greet_verify
            สวัสดีค่ะ ดิฉันติดต่อจากเอบีซี ไม่ทราบว่ากำลังเรียนสายอยู่กับคุณ สมมติ ทดสอบระบบ ใช่หรือไม่คะ
  ลูกค้า ▸ ใช่ครับ
     บอท ▸ [1065] disclose_balance
            ขอบคุณค่ะ เอบีซีขอเรียนแจ้งว่าสินเชื่อ ที่ลงท้ายด้วยเลข 1234 มียอดชำระขั้นต่ำ 3000 บาท ครบกำหนดวันที่ 2026-09-18 (Friday) ค่ะ ไม่ทราบว่าสะดวกชำระภายในวันนี้หรือไม่คะ
  ลูกค้า ▸ เคลียร์ที่อื่นไปก่อนแล้ว ตรงนี้ยังไม่ไหวค่ะ
     บอท ▸ [3199] verify_claim_bye
            รับทราบค่ะ ดิฉันขออนุญาตตรวจสอบกับระบบก่อน แล้วจะติดต่อกลับนะคะ ขอบคุณค่ะ สวัสดีค่ะ
       ⚙  record_outcome -> to_verify"
NM-055,มีคำว่าจ่ายแล้ว,จ่ายค่างวดรถไปแล้วก็หมดตัวเลย,refused,อ้างว่าชำระแล้ว,to_verify,refused,pass,ถูกเลย,greet_verify disclose_balance convince contact_bank_bye,,"     บอท ▸ [1015] greet_verify
            สวัสดีค่ะ ดิฉันติดต่อจากเอบีซี ไม่ทราบว่ากำลังเรียนสายอยู่กับคุณ สมมติ ทดสอบระบบ ใช่หรือไม่คะ
  ลูกค้า ▸ ใช่ครับ
     บอท ▸ [1065] disclose_balance
            ขอบคุณค่ะ เอบีซีขอเรียนแจ้งว่าสินเชื่อ ที่ลงท้ายด้วยเลข 1234 มียอดชำระขั้นต่ำ 3000 บาท ครบกำหนดวันที่ 2026-09-18 (Friday) ค่ะ ไม่ทราบว่าสะดวกชำระภายในวันนี้หรือไม่คะ
  ลูกค้า ▸ จ่ายค่างวดรถไปแล้วก็หมดตัวเลย
     บอท ▸ [1075] convince
            เข้าใจค่ะ หากชำระขั้นต่ำ 3000 บาทภายในวันครบกำหนด จะช่วยรักษาประวัติการชำระไว้ได้ค่ะ ไม่ทราบว่าพอจะสะดวกหรือไม่คะ
  ลูกค้า ▸ ก็ตามที่บอกครับ
     บอท ▸ [1099] contact_bank_bye
            หากมีข้อติดขัดประการใด โทรกลับมาปรึกษาเอบีซีได้ที่เบอร์ [company_phone] ค่ะ ขอบคุณค่ะ สวัสดีค่ะ
       ⚙  record_outcome -> refused"
NM-056,มีคำว่าจ่ายแล้ว,เงินเข้ามาก็ออกหมดแล้วค่ะ,refused,อ้างว่าชำระแล้ว,to_verify,to_verify,fail,ผิดเลย,greet_verify disclose_balance confirm_paid thank_paid_bye,ตรงที่ทำนาย,"     บอท ▸ [1015] greet_verify
            สวัสดีค่ะ ดิฉันติดต่อจากเอบีซี ไม่ทราบว่ากำลังเรียนสายอยู่กับคุณ สมมติ ทดสอบระบบ ใช่หรือไม่คะ
  ลูกค้า ▸ ใช่ครับ
     บอท ▸ [1065] disclose_balance
            ขอบคุณค่ะ เอบีซีขอเรียนแจ้งว่าสินเชื่อ ที่ลงท้ายด้วยเลข 1234 มียอดชำระขั้นต่ำ 3000 บาท ครบกำหนดวันที่ 2026-09-18 (Friday) ค่ะ ไม่ทราบว่าสะดวกชำระภายในวันนี้หรือไม่คะ
  ลูกค้า ▸ เงินเข้ามาก็ออกหมดแล้วค่ะ
     บอท ▸ [2752] confirm_paid
            ขอยืนยันนะคะ คุณลูกค้าได้ชำระยอดนี้เรียบร้อยแล้วใช่หรือไม่คะ
  ลูกค้า ▸ ก็ตามที่บอกครับ
     บอท ▸ [1092] thank_paid_bye
            ขอบคุณค่ะ เอบีซีจะตรวจสอบรายการให้อีกครั้ง หากมีข้อสงสัยติดต่อได้ที่ [company_phone] ค่ะ สวัสดีค่ะ
       ⚙  record_outcome -> to_verify"
NM-057,มีคำว่าจ่ายแล้ว,จ่ายหนี้ก้อนอื่นไปแล้ว เหลือไม่ถึงร้อย,refused,อ้างว่าชำระแล้ว,to_verify,disruptive,fail,ผิดทั้งที่ถามกลับ,greet_verify disclose_balance ask_clarify ask_clarify disruptive_bye,คนละทางกับที่ทำนาย,"     บอท ▸ [1015] greet_verify
            สวัสดีค่ะ ดิฉันติดต่อจากเอบีซี ไม่ทราบว่ากำลังเรียนสายอยู่กับคุณ สมมติ ทดสอบระบบ ใช่หรือไม่คะ
  ลูกค้า ▸ ใช่ครับ
     บอท ▸ [1065] disclose_balance
            ขอบคุณค่ะ เอบีซีขอเรียนแจ้งว่าสินเชื่อ ที่ลงท้ายด้วยเลข 1234 มียอดชำระขั้นต่ำ 3000 บาท ครบกำหนดวันที่ 2026-09-18 (Friday) ค่ะ ไม่ทราบว่าสะดวกชำระภายในวันนี้หรือไม่คะ
  ลูกค้า ▸ จ่ายหนี้ก้อนอื่นไปแล้ว เหลือไม่ถึงร้อย
     บอท ▸ [3127] ask_clarify
            ขออภัยค่ะ ดิฉันขอถามให้แน่ใจอีกครั้ง คุณลูกค้าหมายความว่ายังไงคะ
  ลูกค้า ▸ ก็ตามที่บอกครับ
     บอท ▸ [3127] ask_clarify
            ขออภัยค่ะ ดิฉันขอถามให้แน่ใจอีกครั้ง คุณลูกค้าหมายความว่ายังไงคะ
  ลูกค้า ▸ ก็แบบนั้นแหละครับ
     บอท ▸ [3340] disruptive_bye
            ขออภัยค่ะ หากยังไม่สะดวกคุยเรื่องบัญชีในตอนนี้ ดิฉันขออนุญาตติดต่อกลับใหม่ภายหลังนะคะ สวัสดีค่ะ
       ⚙  record_outcome -> disruptive"
NM-058,มีคำว่าจ่ายแล้ว,ที่มีอยู่ใช้ไปหมดแล้วกับค่ารักษา,refused,อ้างว่าชำระแล้ว,to_verify,refused,pass,ถูกเลย,greet_verify disclose_balance convince contact_bank_bye,,"     บอท ▸ [1015] greet_verify
            สวัสดีค่ะ ดิฉันติดต่อจากเอบีซี ไม่ทราบว่ากำลังเรียนสายอยู่กับคุณ สมมติ ทดสอบระบบ ใช่หรือไม่คะ
  ลูกค้า ▸ ใช่ครับ
     บอท ▸ [1065] disclose_balance
            ขอบคุณค่ะ เอบีซีขอเรียนแจ้งว่าสินเชื่อ ที่ลงท้ายด้วยเลข 1234 มียอดชำระขั้นต่ำ 3000 บาท ครบกำหนดวันที่ 2026-09-18 (Friday) ค่ะ ไม่ทราบว่าสะดวกชำระภายในวันนี้หรือไม่คะ
  ลูกค้า ▸ ที่มีอยู่ใช้ไปหมดแล้วกับค่ารักษา
     บอท ▸ [1075] convince
            เข้าใจค่ะ หากชำระขั้นต่ำ 3000 บาทภายในวันครบกำหนด จะช่วยรักษาประวัติการชำระไว้ได้ค่ะ ไม่ทราบว่าพอจะสะดวกหรือไม่คะ
  ลูกค้า ▸ ก็ตามที่บอกครับ
     บอท ▸ [1099] contact_bank_bye
            หากมีข้อติดขัดประการใด โทรกลับมาปรึกษาเอบีซีได้ที่เบอร์ [company_phone] ค่ะ ขอบคุณค่ะ สวัสดีค่ะ
       ⚙  record_outcome -> refused"
NM-059,มีคำว่าจ่ายแล้ว,ตัดไปหมดแล้ว ทั้งค่าน้ำค่าไฟ บัญชีเหลือศูนย์,refused,อ้างว่าชำระแล้ว,to_verify,refused,pass,ถูกเลย,greet_verify disclose_balance convince contact_bank_bye,,"     บอท ▸ [1015] greet_verify
            สวัสดีค่ะ ดิฉันติดต่อจากเอบีซี ไม่ทราบว่ากำลังเรียนสายอยู่กับคุณ สมมติ ทดสอบระบบ ใช่หรือไม่คะ
  ลูกค้า ▸ ใช่ครับ
     บอท ▸ [1065] disclose_balance
            ขอบคุณค่ะ เอบีซีขอเรียนแจ้งว่าสินเชื่อ ที่ลงท้ายด้วยเลข 1234 มียอดชำระขั้นต่ำ 3000 บาท ครบกำหนดวันที่ 2026-09-18 (Friday) ค่ะ ไม่ทราบว่าสะดวกชำระภายในวันนี้หรือไม่คะ
  ลูกค้า ▸ ตัดไปหมดแล้ว ทั้งค่าน้ำค่าไฟ บัญชีเหลือศูนย์
     บอท ▸ [1075] convince
            เข้าใจค่ะ หากชำระขั้นต่ำ 3000 บาทภายในวันครบกำหนด จะช่วยรักษาประวัติการชำระไว้ได้ค่ะ ไม่ทราบว่าพอจะสะดวกหรือไม่คะ
  ลูกค้า ▸ ก็ตามที่บอกครับ
     บอท ▸ [1099] contact_bank_bye
            หากมีข้อติดขัดประการใด โทรกลับมาปรึกษาเอบีซีได้ที่เบอร์ [company_phone] ค่ะ ขอบคุณค่ะ สวัสดีค่ะ
       ⚙  record_outcome -> refused"
NM-060,มีคำว่าจ่ายแล้ว,จ่ายไปแล้วเมื่อวาน ค่าหอ ตอนนี้เหลือไม่พอกินข้าว,refused,อ้างว่าชำระแล้ว,to_verify,disruptive,fail,ผิดทั้งที่ถามกลับ,greet_verify disclose_balance ask_clarify ask_clarify disruptive_bye,คนละทางกับที่ทำนาย,"     บอท ▸ [1015] greet_verify
            สวัสดีค่ะ ดิฉันติดต่อจากเอบีซี ไม่ทราบว่ากำลังเรียนสายอยู่กับคุณ สมมติ ทดสอบระบบ ใช่หรือไม่คะ
  ลูกค้า ▸ ใช่ครับ
     บอท ▸ [1065] disclose_balance
            ขอบคุณค่ะ เอบีซีขอเรียนแจ้งว่าสินเชื่อ ที่ลงท้ายด้วยเลข 1234 มียอดชำระขั้นต่ำ 3000 บาท ครบกำหนดวันที่ 2026-09-18 (Friday) ค่ะ ไม่ทราบว่าสะดวกชำระภายในวันนี้หรือไม่คะ
  ลูกค้า ▸ จ่ายไปแล้วเมื่อวาน ค่าหอ ตอนนี้เหลือไม่พอกินข้าว
     บอท ▸ [3127] ask_clarify
            ขออภัยค่ะ ดิฉันขอถามให้แน่ใจอีกครั้ง คุณลูกค้าหมายความว่ายังไงคะ
  ลูกค้า ▸ ก็ตามที่บอกครับ
     บอท ▸ [3127] ask_clarify
            ขออภัยค่ะ ดิฉันขอถามให้แน่ใจอีกครั้ง คุณลูกค้าหมายความว่ายังไงคะ
  ลูกค้า ▸ ก็แบบนั้นแหละครับ
     บอท ▸ [3340] disruptive_bye
            ขออภัยค่ะ หากยังไม่สะดวกคุยเรื่องบัญชีในตอนนี้ ดิฉันขออนุญาตติดต่อกลับใหม่ภายหลังนะคะ สวัสดีค่ะ
       ⚙  record_outcome -> disruptive"
NM-061,เล่าความลำบาก,ตอนนี้ตกงานมาสามเดือนแล้วค่ะ,refused,ไม่เกี่ยวข้อง,disruptive,refused,pass,ถูกเลย,greet_verify disclose_balance convince contact_bank_bye,,"     บอท ▸ [1015] greet_verify
            สวัสดีค่ะ ดิฉันติดต่อจากเอบีซี ไม่ทราบว่ากำลังเรียนสายอยู่กับคุณ สมมติ ทดสอบระบบ ใช่หรือไม่คะ
  ลูกค้า ▸ ใช่ครับ
     บอท ▸ [1065] disclose_balance
            ขอบคุณค่ะ เอบีซีขอเรียนแจ้งว่าสินเชื่อ ที่ลงท้ายด้วยเลข 1234 มียอดชำระขั้นต่ำ 3000 บาท ครบกำหนดวันที่ 2026-09-18 (Friday) ค่ะ ไม่ทราบว่าสะดวกชำระภายในวันนี้หรือไม่คะ
  ลูกค้า ▸ ตอนนี้ตกงานมาสามเดือนแล้วค่ะ
     บอท ▸ [1075] convince
            เข้าใจค่ะ หากชำระขั้นต่ำ 3000 บาทภายในวันครบกำหนด จะช่วยรักษาประวัติการชำระไว้ได้ค่ะ ไม่ทราบว่าพอจะสะดวกหรือไม่คะ
  ลูกค้า ▸ ก็ตามที่บอกครับ
     บอท ▸ [1099] contact_bank_bye
            หากมีข้อติดขัดประการใด โทรกลับมาปรึกษาเอบีซีได้ที่เบอร์ [company_phone] ค่ะ ขอบคุณค่ะ สวัสดีค่ะ
       ⚙  record_outcome -> refused"
NM-062,เล่าความลำบาก,บริษัทปิดไปแล้ว ยังหางานใหม่ไม่ได้เลย,refused,ไม่เกี่ยวข้อง,disruptive,refused,pass,ถูกเลย,greet_verify disclose_balance convince contact_bank_bye,,"     บอท ▸ [1015] greet_verify
            สวัสดีค่ะ ดิฉันติดต่อจากเอบีซี ไม่ทราบว่ากำลังเรียนสายอยู่กับคุณ สมมติ ทดสอบระบบ ใช่หรือไม่คะ
  ลูกค้า ▸ ใช่ครับ
     บอท ▸ [1065] disclose_balance
            ขอบคุณค่ะ เอบีซีขอเรียนแจ้งว่าสินเชื่อ ที่ลงท้ายด้วยเลข 1234 มียอดชำระขั้นต่ำ 3000 บาท ครบกำหนดวันที่ 2026-09-18 (Friday) ค่ะ ไม่ทราบว่าสะดวกชำระภายในวันนี้หรือไม่คะ
  ลูกค้า ▸ บริษัทปิดไปแล้ว ยังหางานใหม่ไม่ได้เลย
     บอท ▸ [1075] convince
            เข้าใจค่ะ หากชำระขั้นต่ำ 3000 บาทภายในวันครบกำหนด จะช่วยรักษาประวัติการชำระไว้ได้ค่ะ ไม่ทราบว่าพอจะสะดวกหรือไม่คะ
  ลูกค้า ▸ ก็ตามที่บอกครับ
     บอท ▸ [1099] contact_bank_bye
            หากมีข้อติดขัดประการใด โทรกลับมาปรึกษาเอบีซีได้ที่เบอร์ [company_phone] ค่ะ ขอบคุณค่ะ สวัสดีค่ะ
       ⚙  record_outcome -> refused"
NM-063,เล่าความลำบาก,ร้านขายไม่ออกเลย ลูกค้าหายหมด,refused,ไม่เกี่ยวข้อง,disruptive,refused,pass,ถูกเลย,greet_verify disclose_balance convince contact_bank_bye,,"     บอท ▸ [1015] greet_verify
            สวัสดีค่ะ ดิฉันติดต่อจากเอบีซี ไม่ทราบว่ากำลังเรียนสายอยู่กับคุณ สมมติ ทดสอบระบบ ใช่หรือไม่คะ
  ลูกค้า ▸ ใช่ครับ
     บอท ▸ [1065] disclose_balance
            ขอบคุณค่ะ เอบีซีขอเรียนแจ้งว่าสินเชื่อ ที่ลงท้ายด้วยเลข 1234 มียอดชำระขั้นต่ำ 3000 บาท ครบกำหนดวันที่ 2026-09-18 (Friday) ค่ะ ไม่ทราบว่าสะดวกชำระภายในวันนี้หรือไม่คะ
  ลูกค้า ▸ ร้านขายไม่ออกเลย ลูกค้าหายหมด
     บอท ▸ [1075] convince
            เข้าใจค่ะ หากชำระขั้นต่ำ 3000 บาทภายในวันครบกำหนด จะช่วยรักษาประวัติการชำระไว้ได้ค่ะ ไม่ทราบว่าพอจะสะดวกหรือไม่คะ
  ลูกค้า ▸ ก็ตามที่บอกครับ
     บอท ▸ [1099] contact_bank_bye
            หากมีข้อติดขัดประการใด โทรกลับมาปรึกษาเอบีซีได้ที่เบอร์ [company_phone] ค่ะ ขอบคุณค่ะ สวัสดีค่ะ
       ⚙  record_outcome -> refused"
NM-064,เล่าความลำบาก,บริษัทค้างเงินเดือนมาสองเดือนแล้วครับ,refused,ไม่เกี่ยวข้อง,disruptive,handoff,fail,ผิดเลย,greet_verify disclose_balance faq_distress,คนละทางกับที่ทำนาย,"     บอท ▸ [1015] greet_verify
            สวัสดีค่ะ ดิฉันติดต่อจากเอบีซี ไม่ทราบว่ากำลังเรียนสายอยู่กับคุณ สมมติ ทดสอบระบบ ใช่หรือไม่คะ
  ลูกค้า ▸ ใช่ครับ
     บอท ▸ [1065] disclose_balance
            ขอบคุณค่ะ เอบีซีขอเรียนแจ้งว่าสินเชื่อ ที่ลงท้ายด้วยเลข 1234 มียอดชำระขั้นต่ำ 3000 บาท ครบกำหนดวันที่ 2026-09-18 (Friday) ค่ะ ไม่ทราบว่าสะดวกชำระภายในวันนี้หรือไม่คะ
  ลูกค้า ▸ บริษัทค้างเงินเดือนมาสองเดือนแล้วครับ
     บอท ▸ [2829] faq_distress
            ดิฉันเข้าใจว่าตอนนี้หนักมากค่ะ ขออนุญาตบันทึกเรื่องไว้ และให้เจ้าหน้าที่ติดต่อกลับเพื่อดูแลเป็นกรณีพิเศษค่ะ สวัสดีค่ะ
       ⚙  record_outcome -> handoff"
NM-065,เล่าความลำบาก,ตอนนี้กินมาม่าทุกวันเลย,refused,ไม่เกี่ยวข้อง,disruptive,disruptive,fail,ผิดทั้งที่ถามกลับ,greet_verify disclose_balance ask_clarify ask_clarify disruptive_bye,ตรงที่ทำนาย,"     บอท ▸ [1015] greet_verify
            สวัสดีค่ะ ดิฉันติดต่อจากเอบีซี ไม่ทราบว่ากำลังเรียนสายอยู่กับคุณ สมมติ ทดสอบระบบ ใช่หรือไม่คะ
  ลูกค้า ▸ ใช่ครับ
     บอท ▸ [1065] disclose_balance
            ขอบคุณค่ะ เอบีซีขอเรียนแจ้งว่าสินเชื่อ ที่ลงท้ายด้วยเลข 1234 มียอดชำระขั้นต่ำ 3000 บาท ครบกำหนดวันที่ 2026-09-18 (Friday) ค่ะ ไม่ทราบว่าสะดวกชำระภายในวันนี้หรือไม่คะ
  ลูกค้า ▸ ตอนนี้กินมาม่าทุกวันเลย
     บอท ▸ [3127] ask_clarify
            ขออภัยค่ะ ดิฉันขอถามให้แน่ใจอีกครั้ง คุณลูกค้าหมายความว่ายังไงคะ
  ลูกค้า ▸ ก็ตามที่บอกครับ
     บอท ▸ [3127] ask_clarify
            ขออภัยค่ะ ดิฉันขอถามให้แน่ใจอีกครั้ง คุณลูกค้าหมายความว่ายังไงคะ
  ลูกค้า ▸ ก็แบบนั้นแหละครับ
     บอท ▸ [3340] disruptive_bye
            ขออภัยค่ะ หากยังไม่สะดวกคุยเรื่องบัญชีในตอนนี้ ดิฉันขออนุญาตติดต่อกลับใหม่ภายหลังนะคะ สวัสดีค่ะ
       ⚙  record_outcome -> disruptive"
NM-066,เล่าความลำบาก,เพิ่งโดนเลิกจ้างมาครับ,refused,ไม่เกี่ยวข้อง,disruptive,refused,pass,ถูกเลย,greet_verify disclose_balance convince contact_bank_bye,,"     บอท ▸ [1015] greet_verify
            สวัสดีค่ะ ดิฉันติดต่อจากเอบีซี ไม่ทราบว่ากำลังเรียนสายอยู่กับคุณ สมมติ ทดสอบระบบ ใช่หรือไม่คะ
  ลูกค้า ▸ ใช่ครับ
     บอท ▸ [1065] disclose_balance
            ขอบคุณค่ะ เอบีซีขอเรียนแจ้งว่าสินเชื่อ ที่ลงท้ายด้วยเลข 1234 มียอดชำระขั้นต่ำ 3000 บาท ครบกำหนดวันที่ 2026-09-18 (Friday) ค่ะ ไม่ทราบว่าสะดวกชำระภายในวันนี้หรือไม่คะ
  ลูกค้า ▸ เพิ่งโดนเลิกจ้างมาครับ
     บอท ▸ [1075] convince
            เข้าใจค่ะ หากชำระขั้นต่ำ 3000 บาทภายในวันครบกำหนด จะช่วยรักษาประวัติการชำระไว้ได้ค่ะ ไม่ทราบว่าพอจะสะดวกหรือไม่คะ
  ลูกค้า ▸ ก็ตามที่บอกครับ
     บอท ▸ [1099] contact_bank_bye
            หากมีข้อติดขัดประการใด โทรกลับมาปรึกษาเอบีซีได้ที่เบอร์ [company_phone] ค่ะ ขอบคุณค่ะ สวัสดีค่ะ
       ⚙  record_outcome -> refused"
NM-067,เล่าความลำบาก,น้ำท่วมนาหมด ปีนี้ไม่ได้อะไรเลย,refused,ไม่เกี่ยวข้อง,disruptive,handoff,fail,ผิดเลย,greet_verify disclose_balance faq_distress,คนละทางกับที่ทำนาย,"     บอท ▸ [1015] greet_verify
            สวัสดีค่ะ ดิฉันติดต่อจากเอบีซี ไม่ทราบว่ากำลังเรียนสายอยู่กับคุณ สมมติ ทดสอบระบบ ใช่หรือไม่คะ
  ลูกค้า ▸ ใช่ครับ
     บอท ▸ [1065] disclose_balance
            ขอบคุณค่ะ เอบีซีขอเรียนแจ้งว่าสินเชื่อ ที่ลงท้ายด้วยเลข 1234 มียอดชำระขั้นต่ำ 3000 บาท ครบกำหนดวันที่ 2026-09-18 (Friday) ค่ะ ไม่ทราบว่าสะดวกชำระภายในวันนี้หรือไม่คะ
  ลูกค้า ▸ น้ำท่วมนาหมด ปีนี้ไม่ได้อะไรเลย
     บอท ▸ [2829] faq_distress
            ดิฉันเข้าใจว่าตอนนี้หนักมากค่ะ ขออนุญาตบันทึกเรื่องไว้ และให้เจ้าหน้าที่ติดต่อกลับเพื่อดูแลเป็นกรณีพิเศษค่ะ สวัสดีค่ะ
       ⚙  record_outcome -> handoff"
NM-068,เล่าความลำบาก,ต้องลาออกมาดูแลแม่ที่ป่วย,refused,แจ้งเรื่องส่วนตัว,,handoff,fail,ผิดเลย,greet_verify disclose_balance faq_distress,คนละทางกับที่ทำนาย,"     บอท ▸ [1015] greet_verify
            สวัสดีค่ะ ดิฉันติดต่อจากเอบีซี ไม่ทราบว่ากำลังเรียนสายอยู่กับคุณ สมมติ ทดสอบระบบ ใช่หรือไม่คะ
  ลูกค้า ▸ ใช่ครับ
     บอท ▸ [1065] disclose_balance
            ขอบคุณค่ะ เอบีซีขอเรียนแจ้งว่าสินเชื่อ ที่ลงท้ายด้วยเลข 1234 มียอดชำระขั้นต่ำ 3000 บาท ครบกำหนดวันที่ 2026-09-18 (Friday) ค่ะ ไม่ทราบว่าสะดวกชำระภายในวันนี้หรือไม่คะ
  ลูกค้า ▸ ต้องลาออกมาดูแลแม่ที่ป่วย
     บอท ▸ [2829] faq_distress
            ดิฉันเข้าใจว่าตอนนี้หนักมากค่ะ ขออนุญาตบันทึกเรื่องไว้ และให้เจ้าหน้าที่ติดต่อกลับเพื่อดูแลเป็นกรณีพิเศษค่ะ สวัสดีค่ะ
       ⚙  record_outcome -> handoff"
NM-069,เล่าความลำบาก,ค่าเช่าห้องยังค้างเขาอยู่เลยค่ะ,refused,ยอมรับว่ามีหนี้,,disruptive,fail,ผิดทั้งที่ถามกลับ,greet_verify disclose_balance steer_back ask_clarify disruptive_bye,คนละทางกับที่ทำนาย,"     บอท ▸ [1015] greet_verify
            สวัสดีค่ะ ดิฉันติดต่อจากเอบีซี ไม่ทราบว่ากำลังเรียนสายอยู่กับคุณ สมมติ ทดสอบระบบ ใช่หรือไม่คะ
  ลูกค้า ▸ ใช่ครับ
     บอท ▸ [1065] disclose_balance
            ขอบคุณค่ะ เอบีซีขอเรียนแจ้งว่าสินเชื่อ ที่ลงท้ายด้วยเลข 1234 มียอดชำระขั้นต่ำ 3000 บาท ครบกำหนดวันที่ 2026-09-18 (Friday) ค่ะ ไม่ทราบว่าสะดวกชำระภายในวันนี้หรือไม่คะ
  ลูกค้า ▸ ค่าเช่าห้องยังค้างเขาอยู่เลยค่ะ
     บอท ▸ [3270] steer_back
            ขออภัยค่ะ เรื่องนี้ดิฉันตอบให้ไม่ได้ค่ะ ดิฉันติดต่อมาเรื่องบัญชีของคุณ สมมติ ทดสอบระบบ เท่านั้นค่ะ ไม่ทราบว่าสะดวกชำระภายในวันนี้หรือไม่คะ
  ลูกค้า ▸ ก็ตามที่บอกครับ
     บอท ▸ [3127] ask_clarify
            ขออภัยค่ะ ดิฉันขอถามให้แน่ใจอีกครั้ง คุณลูกค้าหมายความว่ายังไงคะ
  ลูกค้า ▸ ก็แบบนั้นแหละครับ
     บอท ▸ [3340] disruptive_bye
            ขออภัยค่ะ หากยังไม่สะดวกคุยเรื่องบัญชีในตอนนี้ ดิฉันขออนุญาตติดต่อกลับใหม่ภายหลังนะคะ สวัสดีค่ะ
       ⚙  record_outcome -> disruptive"
NM-070,เล่าความลำบาก,ต้องยืมเพื่อนมากินข้าวทุกวัน,refused,ไม่เกี่ยวข้อง,disruptive,disruptive,fail,ผิดทั้งที่ถามกลับ,greet_verify disclose_balance steer_back ask_clarify disruptive_bye,ตรงที่ทำนาย,"     บอท ▸ [1015] greet_verify
            สวัสดีค่ะ ดิฉันติดต่อจากเอบีซี ไม่ทราบว่ากำลังเรียนสายอยู่กับคุณ สมมติ ทดสอบระบบ ใช่หรือไม่คะ
  ลูกค้า ▸ ใช่ครับ
     บอท ▸ [1065] disclose_balance
            ขอบคุณค่ะ เอบีซีขอเรียนแจ้งว่าสินเชื่อ ที่ลงท้ายด้วยเลข 1234 มียอดชำระขั้นต่ำ 3000 บาท ครบกำหนดวันที่ 2026-09-18 (Friday) ค่ะ ไม่ทราบว่าสะดวกชำระภายในวันนี้หรือไม่คะ
  ลูกค้า ▸ ต้องยืมเพื่อนมากินข้าวทุกวัน
     บอท ▸ [3270] steer_back
            ขออภัยค่ะ เรื่องนี้ดิฉันตอบให้ไม่ได้ค่ะ ดิฉันติดต่อมาเรื่องบัญชีของคุณ สมมติ ทดสอบระบบ เท่านั้นค่ะ ไม่ทราบว่าสะดวกชำระภายในวันนี้หรือไม่คะ
  ลูกค้า ▸ ก็ตามที่บอกครับ
     บอท ▸ [3127] ask_clarify
            ขออภัยค่ะ ดิฉันขอถามให้แน่ใจอีกครั้ง คุณลูกค้าหมายความว่ายังไงคะ
  ลูกค้า ▸ ก็แบบนั้นแหละครับ
     บอท ▸ [3340] disruptive_bye
            ขออภัยค่ะ หากยังไม่สะดวกคุยเรื่องบัญชีในตอนนี้ ดิฉันขออนุญาตติดต่อกลับใหม่ภายหลังนะคะ สวัสดีค่ะ
       ⚙  record_outcome -> disruptive"
NM-071,เล่าความลำบาก,ตอนนี้ไม่มีรายได้เข้าเลยครับ,refused,ไม่เกี่ยวข้อง,disruptive,refused,pass,ถูกเลย,greet_verify disclose_balance convince contact_bank_bye,,"     บอท ▸ [1015] greet_verify
            สวัสดีค่ะ ดิฉันติดต่อจากเอบีซี ไม่ทราบว่ากำลังเรียนสายอยู่กับคุณ สมมติ ทดสอบระบบ ใช่หรือไม่คะ
  ลูกค้า ▸ ใช่ครับ
     บอท ▸ [1065] disclose_balance
            ขอบคุณค่ะ เอบีซีขอเรียนแจ้งว่าสินเชื่อ ที่ลงท้ายด้วยเลข 1234 มียอดชำระขั้นต่ำ 3000 บาท ครบกำหนดวันที่ 2026-09-18 (Friday) ค่ะ ไม่ทราบว่าสะดวกชำระภายในวันนี้หรือไม่คะ
  ลูกค้า ▸ ตอนนี้ไม่มีรายได้เข้าเลยครับ
     บอท ▸ [1075] convince
            เข้าใจค่ะ หากชำระขั้นต่ำ 3000 บาทภายในวันครบกำหนด จะช่วยรักษาประวัติการชำระไว้ได้ค่ะ ไม่ทราบว่าพอจะสะดวกหรือไม่คะ
  ลูกค้า ▸ ก็ตามที่บอกครับ
     บอท ▸ [1099] contact_bank_bye
            หากมีข้อติดขัดประการใด โทรกลับมาปรึกษาเอบีซีได้ที่เบอร์ [company_phone] ค่ะ ขอบคุณค่ะ สวัสดีค่ะ
       ⚙  record_outcome -> refused"
NM-072,เล่าความลำบาก,ขับวินได้วันละไม่กี่ร้อย ค่าน้ำมันยังแทบไม่พอ,refused,ไม่เกี่ยวข้อง,disruptive,refused,pass,ถูกเลย,greet_verify disclose_balance convince contact_bank_bye,,"     บอท ▸ [1015] greet_verify
            สวัสดีค่ะ ดิฉันติดต่อจากเอบีซี ไม่ทราบว่ากำลังเรียนสายอยู่กับคุณ สมมติ ทดสอบระบบ ใช่หรือไม่คะ
  ลูกค้า ▸ ใช่ครับ
     บอท ▸ [1065] disclose_balance
            ขอบคุณค่ะ เอบีซีขอเรียนแจ้งว่าสินเชื่อ ที่ลงท้ายด้วยเลข 1234 มียอดชำระขั้นต่ำ 3000 บาท ครบกำหนดวันที่ 2026-09-18 (Friday) ค่ะ ไม่ทราบว่าสะดวกชำระภายในวันนี้หรือไม่คะ
  ลูกค้า ▸ ขับวินได้วันละไม่กี่ร้อย ค่าน้ำมันยังแทบไม่พอ
     บอท ▸ [1075] convince
            เข้าใจค่ะ หากชำระขั้นต่ำ 3000 บาทภายในวันครบกำหนด จะช่วยรักษาประวัติการชำระไว้ได้ค่ะ ไม่ทราบว่าพอจะสะดวกหรือไม่คะ
  ลูกค้า ▸ ก็ตามที่บอกครับ
     บอท ▸ [1099] contact_bank_bye
            หากมีข้อติดขัดประการใด โทรกลับมาปรึกษาเอบีซีได้ที่เบอร์ [company_phone] ค่ะ ขอบคุณค่ะ สวัสดีค่ะ
       ⚙  record_outcome -> refused"
NM-073,เล่าความลำบาก,ลูกเพิ่งเข้าโรงเรียน ค่าใช้จ่ายเยอะมาก,refused,ไม่เกี่ยวข้อง,disruptive,refused,pass,ถูกเลย,greet_verify disclose_balance convince contact_bank_bye,,"     บอท ▸ [1015] greet_verify
            สวัสดีค่ะ ดิฉันติดต่อจากเอบีซี ไม่ทราบว่ากำลังเรียนสายอยู่กับคุณ สมมติ ทดสอบระบบ ใช่หรือไม่คะ
  ลูกค้า ▸ ใช่ครับ
     บอท ▸ [1065] disclose_balance
            ขอบคุณค่ะ เอบีซีขอเรียนแจ้งว่าสินเชื่อ ที่ลงท้ายด้วยเลข 1234 มียอดชำระขั้นต่ำ 3000 บาท ครบกำหนดวันที่ 2026-09-18 (Friday) ค่ะ ไม่ทราบว่าสะดวกชำระภายในวันนี้หรือไม่คะ
  ลูกค้า ▸ ลูกเพิ่งเข้าโรงเรียน ค่าใช้จ่ายเยอะมาก
     บอท ▸ [1075] convince
            เข้าใจค่ะ หากชำระขั้นต่ำ 3000 บาทภายในวันครบกำหนด จะช่วยรักษาประวัติการชำระไว้ได้ค่ะ ไม่ทราบว่าพอจะสะดวกหรือไม่คะ
  ลูกค้า ▸ ก็ตามที่บอกครับ
     บอท ▸ [1099] contact_bank_bye
            หากมีข้อติดขัดประการใด โทรกลับมาปรึกษาเอบีซีได้ที่เบอร์ [company_phone] ค่ะ ขอบคุณค่ะ สวัสดีค่ะ
       ⚙  record_outcome -> refused"
NM-074,เล่าความลำบาก,โดนแก๊งคอลเซ็นเตอร์หลอกไปหมดตัวเลยค่ะ,refused,แจ้งถูกหลอก,,ptp,fail,ผิดเลย,greet_verify disclose_balance faq_scam ptp_bye,คนละทางกับที่ทำนาย,"     บอท ▸ [1015] greet_verify
            สวัสดีค่ะ ดิฉันติดต่อจากเอบีซี ไม่ทราบว่ากำลังเรียนสายอยู่กับคุณ สมมติ ทดสอบระบบ ใช่หรือไม่คะ
  ลูกค้า ▸ ใช่ครับ
     บอท ▸ [1065] disclose_balance
            ขอบคุณค่ะ เอบีซีขอเรียนแจ้งว่าสินเชื่อ ที่ลงท้ายด้วยเลข 1234 มียอดชำระขั้นต่ำ 3000 บาท ครบกำหนดวันที่ 2026-09-18 (Friday) ค่ะ ไม่ทราบว่าสะดวกชำระภายในวันนี้หรือไม่คะ
  ลูกค้า ▸ โดนแก๊งคอลเซ็นเตอร์หลอกไปหมดตัวเลยค่ะ
     บอท ▸ [1660] faq_scam
            ดิฉันเข้าใจในความกังวลค่ะ ดิฉันเป็นผู้ช่วยอัตโนมัติของเอบีซีจริงค่ะ หากไม่มั่นใจ โทรกลับมาที่ [company_phone] ได้ค่ะ
  ลูกค้า ▸ ก็ตามที่บอกครับ
     บอท ▸ [1084] ptp_bye
            ขอบคุณค่ะ เอบีซีได้บันทึกไว้เรียบร้อยแล้วค่ะ ขอบคุณที่สละเวลา สวัสดีค่ะ
       ⚙  record_outcome -> ptp"
NM-075,เล่าความลำบาก,ตอนนี้อยู่บ้านเฉยๆ ไม่ได้ทำงาน,refused,ไม่เกี่ยวข้อง,disruptive,refused,pass,ถูกเลย,greet_verify disclose_balance convince contact_bank_bye,,"     บอท ▸ [1015] greet_verify
            สวัสดีค่ะ ดิฉันติดต่อจากเอบีซี ไม่ทราบว่ากำลังเรียนสายอยู่กับคุณ สมมติ ทดสอบระบบ ใช่หรือไม่คะ
  ลูกค้า ▸ ใช่ครับ
     บอท ▸ [1065] disclose_balance
            ขอบคุณค่ะ เอบีซีขอเรียนแจ้งว่าสินเชื่อ ที่ลงท้ายด้วยเลข 1234 มียอดชำระขั้นต่ำ 3000 บาท ครบกำหนดวันที่ 2026-09-18 (Friday) ค่ะ ไม่ทราบว่าสะดวกชำระภายในวันนี้หรือไม่คะ
  ลูกค้า ▸ ตอนนี้อยู่บ้านเฉยๆ ไม่ได้ทำงาน
     บอท ▸ [1075] convince
            เข้าใจค่ะ หากชำระขั้นต่ำ 3000 บาทภายในวันครบกำหนด จะช่วยรักษาประวัติการชำระไว้ได้ค่ะ ไม่ทราบว่าพอจะสะดวกหรือไม่คะ
  ลูกค้า ▸ ก็ตามที่บอกครับ
     บอท ▸ [1099] contact_bank_bye
            หากมีข้อติดขัดประการใด โทรกลับมาปรึกษาเอบีซีได้ที่เบอร์ [company_phone] ค่ะ ขอบคุณค่ะ สวัสดีค่ะ
       ⚙  record_outcome -> refused"
NM-076,สำนวน,ช็อตอยู่ครับพี่,refused,ไม่เข้าใจ,disruptive,refused,pass,ถูกเลย,greet_verify disclose_balance faq_hold convince contact_bank_bye,,"     บอท ▸ [1015] greet_verify
            สวัสดีค่ะ ดิฉันติดต่อจากเอบีซี ไม่ทราบว่ากำลังเรียนสายอยู่กับคุณ สมมติ ทดสอบระบบ ใช่หรือไม่คะ
  ลูกค้า ▸ ใช่ครับ
     บอท ▸ [1065] disclose_balance
            ขอบคุณค่ะ เอบีซีขอเรียนแจ้งว่าสินเชื่อ ที่ลงท้ายด้วยเลข 1234 มียอดชำระขั้นต่ำ 3000 บาท ครบกำหนดวันที่ 2026-09-18 (Friday) ค่ะ ไม่ทราบว่าสะดวกชำระภายในวันนี้หรือไม่คะ
  ลูกค้า ▸ ช็อตอยู่ครับพี่
     บอท ▸ [1750] faq_hold
            ได้ค่ะ สะดวกแล้วแจ้งได้เลยนะคะ
  ลูกค้า ▸ ก็ตามที่บอกครับ
     บอท ▸ [1075] convince
            เข้าใจค่ะ หากชำระขั้นต่ำ 3000 บาทภายในวันครบกำหนด จะช่วยรักษาประวัติการชำระไว้ได้ค่ะ ไม่ทราบว่าพอจะสะดวกหรือไม่คะ
  ลูกค้า ▸ ก็แบบนั้นแหละครับ
     บอท ▸ [1099] contact_bank_bye
            หากมีข้อติดขัดประการใด โทรกลับมาปรึกษาเอบีซีได้ที่เบอร์ [company_phone] ค่ะ ขอบคุณค่ะ สวัสดีค่ะ
       ⚙  record_outcome -> refused"
NM-077,สำนวน,ตอนนี้แห้งมากเลยค่ะ,refused,ไม่เข้าใจ,disruptive,handoff,fail,ผิดเลย,greet_verify disclose_balance faq_distress,คนละทางกับที่ทำนาย,"     บอท ▸ [1015] greet_verify
            สวัสดีค่ะ ดิฉันติดต่อจากเอบีซี ไม่ทราบว่ากำลังเรียนสายอยู่กับคุณ สมมติ ทดสอบระบบ ใช่หรือไม่คะ
  ลูกค้า ▸ ใช่ครับ
     บอท ▸ [1065] disclose_balance
            ขอบคุณค่ะ เอบีซีขอเรียนแจ้งว่าสินเชื่อ ที่ลงท้ายด้วยเลข 1234 มียอดชำระขั้นต่ำ 3000 บาท ครบกำหนดวันที่ 2026-09-18 (Friday) ค่ะ ไม่ทราบว่าสะดวกชำระภายในวันนี้หรือไม่คะ
  ลูกค้า ▸ ตอนนี้แห้งมากเลยค่ะ
     บอท ▸ [2829] faq_distress
            ดิฉันเข้าใจว่าตอนนี้หนักมากค่ะ ขออนุญาตบันทึกเรื่องไว้ และให้เจ้าหน้าที่ติดต่อกลับเพื่อดูแลเป็นกรณีพิเศษค่ะ สวัสดีค่ะ
       ⚙  record_outcome -> handoff"
NM-078,สำนวน,กระเป๋าแบนเลยพี่,refused,ไม่เข้าใจ,disruptive,refused,pass,ถูกเลย,greet_verify disclose_balance convince contact_bank_bye,,"     บอท ▸ [1015] greet_verify
            สวัสดีค่ะ ดิฉันติดต่อจากเอบีซี ไม่ทราบว่ากำลังเรียนสายอยู่กับคุณ สมมติ ทดสอบระบบ ใช่หรือไม่คะ
  ลูกค้า ▸ ใช่ครับ
     บอท ▸ [1065] disclose_balance
            ขอบคุณค่ะ เอบีซีขอเรียนแจ้งว่าสินเชื่อ ที่ลงท้ายด้วยเลข 1234 มียอดชำระขั้นต่ำ 3000 บาท ครบกำหนดวันที่ 2026-09-18 (Friday) ค่ะ ไม่ทราบว่าสะดวกชำระภายในวันนี้หรือไม่คะ
  ลูกค้า ▸ กระเป๋าแบนเลยพี่
     บอท ▸ [1075] convince
            เข้าใจค่ะ หากชำระขั้นต่ำ 3000 บาทภายในวันครบกำหนด จะช่วยรักษาประวัติการชำระไว้ได้ค่ะ ไม่ทราบว่าพอจะสะดวกหรือไม่คะ
  ลูกค้า ▸ ก็ตามที่บอกครับ
     บอท ▸ [1099] contact_bank_bye
            หากมีข้อติดขัดประการใด โทรกลับมาปรึกษาเอบีซีได้ที่เบอร์ [company_phone] ค่ะ ขอบคุณค่ะ สวัสดีค่ะ
       ⚙  record_outcome -> refused"
NM-079,สำนวน,ชักหน้าไม่ถึงหลังเลยค่ะ,refused,ไม่เข้าใจ,disruptive,refused,pass,ถูกเลย,greet_verify disclose_balance convince contact_bank_bye,,"     บอท ▸ [1015] greet_verify
            สวัสดีค่ะ ดิฉันติดต่อจากเอบีซี ไม่ทราบว่ากำลังเรียนสายอยู่กับคุณ สมมติ ทดสอบระบบ ใช่หรือไม่คะ
  ลูกค้า ▸ ใช่ครับ
     บอท ▸ [1065] disclose_balance
            ขอบคุณค่ะ เอบีซีขอเรียนแจ้งว่าสินเชื่อ ที่ลงท้ายด้วยเลข 1234 มียอดชำระขั้นต่ำ 3000 บาท ครบกำหนดวันที่ 2026-09-18 (Friday) ค่ะ ไม่ทราบว่าสะดวกชำระภายในวันนี้หรือไม่คะ
  ลูกค้า ▸ ชักหน้าไม่ถึงหลังเลยค่ะ
     บอท ▸ [1075] convince
            เข้าใจค่ะ หากชำระขั้นต่ำ 3000 บาทภายในวันครบกำหนด จะช่วยรักษาประวัติการชำระไว้ได้ค่ะ ไม่ทราบว่าพอจะสะดวกหรือไม่คะ
  ลูกค้า ▸ ก็ตามที่บอกครับ
     บอท ▸ [1099] contact_bank_bye
            หากมีข้อติดขัดประการใด โทรกลับมาปรึกษาเอบีซีได้ที่เบอร์ [company_phone] ค่ะ ขอบคุณค่ะ สวัสดีค่ะ
       ⚙  record_outcome -> refused"
NM-080,สำนวน,เดือนนี้ร่อแร่มาก,refused,แจ้งเจ็บป่วย,,refused,pass,ถูกเลย,greet_verify disclose_balance convince contact_bank_bye,,"     บอท ▸ [1015] greet_verify
            สวัสดีค่ะ ดิฉันติดต่อจากเอบีซี ไม่ทราบว่ากำลังเรียนสายอยู่กับคุณ สมมติ ทดสอบระบบ ใช่หรือไม่คะ
  ลูกค้า ▸ ใช่ครับ
     บอท ▸ [1065] disclose_balance
            ขอบคุณค่ะ เอบีซีขอเรียนแจ้งว่าสินเชื่อ ที่ลงท้ายด้วยเลข 1234 มียอดชำระขั้นต่ำ 3000 บาท ครบกำหนดวันที่ 2026-09-18 (Friday) ค่ะ ไม่ทราบว่าสะดวกชำระภายในวันนี้หรือไม่คะ
  ลูกค้า ▸ เดือนนี้ร่อแร่มาก
     บอท ▸ [1075] convince
            เข้าใจค่ะ หากชำระขั้นต่ำ 3000 บาทภายในวันครบกำหนด จะช่วยรักษาประวัติการชำระไว้ได้ค่ะ ไม่ทราบว่าพอจะสะดวกหรือไม่คะ
  ลูกค้า ▸ ก็ตามที่บอกครับ
     บอท ▸ [1099] contact_bank_bye
            หากมีข้อติดขัดประการใด โทรกลับมาปรึกษาเอบีซีได้ที่เบอร์ [company_phone] ค่ะ ขอบคุณค่ะ สวัสดีค่ะ
       ⚙  record_outcome -> refused"
NM-081,สำนวน,ตอนนี้กรอบมากครับ,refused,ไม่เข้าใจ,disruptive,refused,pass,ถูกเลย,greet_verify disclose_balance convince contact_bank_bye,,"     บอท ▸ [1015] greet_verify
            สวัสดีค่ะ ดิฉันติดต่อจากเอบีซี ไม่ทราบว่ากำลังเรียนสายอยู่กับคุณ สมมติ ทดสอบระบบ ใช่หรือไม่คะ
  ลูกค้า ▸ ใช่ครับ
     บอท ▸ [1065] disclose_balance
            ขอบคุณค่ะ เอบีซีขอเรียนแจ้งว่าสินเชื่อ ที่ลงท้ายด้วยเลข 1234 มียอดชำระขั้นต่ำ 3000 บาท ครบกำหนดวันที่ 2026-09-18 (Friday) ค่ะ ไม่ทราบว่าสะดวกชำระภายในวันนี้หรือไม่คะ
  ลูกค้า ▸ ตอนนี้กรอบมากครับ
     บอท ▸ [1075] convince
            เข้าใจค่ะ หากชำระขั้นต่ำ 3000 บาทภายในวันครบกำหนด จะช่วยรักษาประวัติการชำระไว้ได้ค่ะ ไม่ทราบว่าพอจะสะดวกหรือไม่คะ
  ลูกค้า ▸ ก็ตามที่บอกครับ
     บอท ▸ [1099] contact_bank_bye
            หากมีข้อติดขัดประการใด โทรกลับมาปรึกษาเอบีซีได้ที่เบอร์ [company_phone] ค่ะ ขอบคุณค่ะ สวัสดีค่ะ
       ⚙  record_outcome -> refused"
NM-082,สำนวน,เงินไม่พอยาไส้เลย,refused,ไม่เข้าใจ,disruptive,refused,pass,ถูกเลย,greet_verify disclose_balance convince contact_bank_bye,,"     บอท ▸ [1015] greet_verify
            สวัสดีค่ะ ดิฉันติดต่อจากเอบีซี ไม่ทราบว่ากำลังเรียนสายอยู่กับคุณ สมมติ ทดสอบระบบ ใช่หรือไม่คะ
  ลูกค้า ▸ ใช่ครับ
     บอท ▸ [1065] disclose_balance
            ขอบคุณค่ะ เอบีซีขอเรียนแจ้งว่าสินเชื่อ ที่ลงท้ายด้วยเลข 1234 มียอดชำระขั้นต่ำ 3000 บาท ครบกำหนดวันที่ 2026-09-18 (Friday) ค่ะ ไม่ทราบว่าสะดวกชำระภายในวันนี้หรือไม่คะ
  ลูกค้า ▸ เงินไม่พอยาไส้เลย
     บอท ▸ [1075] convince
            เข้าใจค่ะ หากชำระขั้นต่ำ 3000 บาทภายในวันครบกำหนด จะช่วยรักษาประวัติการชำระไว้ได้ค่ะ ไม่ทราบว่าพอจะสะดวกหรือไม่คะ
  ลูกค้า ▸ ก็ตามที่บอกครับ
     บอท ▸ [1099] contact_bank_bye
            หากมีข้อติดขัดประการใด โทรกลับมาปรึกษาเอบีซีได้ที่เบอร์ [company_phone] ค่ะ ขอบคุณค่ะ สวัสดีค่ะ
       ⚙  record_outcome -> refused"
NM-083,สำนวน,หมุนเงินไม่ทันแล้วครับ,refused,ขอเลื่อน,,refused,pass,ถูกเลย,greet_verify disclose_balance convince contact_bank_bye,,"     บอท ▸ [1015] greet_verify
            สวัสดีค่ะ ดิฉันติดต่อจากเอบีซี ไม่ทราบว่ากำลังเรียนสายอยู่กับคุณ สมมติ ทดสอบระบบ ใช่หรือไม่คะ
  ลูกค้า ▸ ใช่ครับ
     บอท ▸ [1065] disclose_balance
            ขอบคุณค่ะ เอบีซีขอเรียนแจ้งว่าสินเชื่อ ที่ลงท้ายด้วยเลข 1234 มียอดชำระขั้นต่ำ 3000 บาท ครบกำหนดวันที่ 2026-09-18 (Friday) ค่ะ ไม่ทราบว่าสะดวกชำระภายในวันนี้หรือไม่คะ
  ลูกค้า ▸ หมุนเงินไม่ทันแล้วครับ
     บอท ▸ [1075] convince
            เข้าใจค่ะ หากชำระขั้นต่ำ 3000 บาทภายในวันครบกำหนด จะช่วยรักษาประวัติการชำระไว้ได้ค่ะ ไม่ทราบว่าพอจะสะดวกหรือไม่คะ
  ลูกค้า ▸ ก็ตามที่บอกครับ
     บอท ▸ [1099] contact_bank_bye
            หากมีข้อติดขัดประการใด โทรกลับมาปรึกษาเอบีซีได้ที่เบอร์ [company_phone] ค่ะ ขอบคุณค่ะ สวัสดีค่ะ
       ⚙  record_outcome -> refused"
NM-084,สำนวน,ตอนนี้ติดลบอยู่เลย,refused,ไม่เข้าใจ,disruptive,refused,pass,ถูกเลย,greet_verify disclose_balance convince contact_bank_bye,,"     บอท ▸ [1015] greet_verify
            สวัสดีค่ะ ดิฉันติดต่อจากเอบีซี ไม่ทราบว่ากำลังเรียนสายอยู่กับคุณ สมมติ ทดสอบระบบ ใช่หรือไม่คะ
  ลูกค้า ▸ ใช่ครับ
     บอท ▸ [1065] disclose_balance
            ขอบคุณค่ะ เอบีซีขอเรียนแจ้งว่าสินเชื่อ ที่ลงท้ายด้วยเลข 1234 มียอดชำระขั้นต่ำ 3000 บาท ครบกำหนดวันที่ 2026-09-18 (Friday) ค่ะ ไม่ทราบว่าสะดวกชำระภายในวันนี้หรือไม่คะ
  ลูกค้า ▸ ตอนนี้ติดลบอยู่เลย
     บอท ▸ [1075] convince
            เข้าใจค่ะ หากชำระขั้นต่ำ 3000 บาทภายในวันครบกำหนด จะช่วยรักษาประวัติการชำระไว้ได้ค่ะ ไม่ทราบว่าพอจะสะดวกหรือไม่คะ
  ลูกค้า ▸ ก็ตามที่บอกครับ
     บอท ▸ [1099] contact_bank_bye
            หากมีข้อติดขัดประการใด โทรกลับมาปรึกษาเอบีซีได้ที่เบอร์ [company_phone] ค่ะ ขอบคุณค่ะ สวัสดีค่ะ
       ⚙  record_outcome -> refused"
NM-085,สำนวน,ไม่มีติดตัวสักแดงเลย,refused,ไม่เข้าใจ,disruptive,refused,pass,ถูกเลย,greet_verify disclose_balance convince contact_bank_bye,,"     บอท ▸ [1015] greet_verify
            สวัสดีค่ะ ดิฉันติดต่อจากเอบีซี ไม่ทราบว่ากำลังเรียนสายอยู่กับคุณ สมมติ ทดสอบระบบ ใช่หรือไม่คะ
  ลูกค้า ▸ ใช่ครับ
     บอท ▸ [1065] disclose_balance
            ขอบคุณค่ะ เอบีซีขอเรียนแจ้งว่าสินเชื่อ ที่ลงท้ายด้วยเลข 1234 มียอดชำระขั้นต่ำ 3000 บาท ครบกำหนดวันที่ 2026-09-18 (Friday) ค่ะ ไม่ทราบว่าสะดวกชำระภายในวันนี้หรือไม่คะ
  ลูกค้า ▸ ไม่มีติดตัวสักแดงเลย
     บอท ▸ [1075] convince
            เข้าใจค่ะ หากชำระขั้นต่ำ 3000 บาทภายในวันครบกำหนด จะช่วยรักษาประวัติการชำระไว้ได้ค่ะ ไม่ทราบว่าพอจะสะดวกหรือไม่คะ
  ลูกค้า ▸ ก็ตามที่บอกครับ
     บอท ▸ [1099] contact_bank_bye
            หากมีข้อติดขัดประการใด โทรกลับมาปรึกษาเอบีซีได้ที่เบอร์ [company_phone] ค่ะ ขอบคุณค่ะ สวัสดีค่ะ
       ⚙  record_outcome -> refused"
NM-086,สำนวน,สภาพคล่องไม่มีเลยครับ,refused,ไม่เข้าใจ,disruptive,refused,pass,ถูกเลย,greet_verify disclose_balance convince contact_bank_bye,,"     บอท ▸ [1015] greet_verify
            สวัสดีค่ะ ดิฉันติดต่อจากเอบีซี ไม่ทราบว่ากำลังเรียนสายอยู่กับคุณ สมมติ ทดสอบระบบ ใช่หรือไม่คะ
  ลูกค้า ▸ ใช่ครับ
     บอท ▸ [1065] disclose_balance
            ขอบคุณค่ะ เอบีซีขอเรียนแจ้งว่าสินเชื่อ ที่ลงท้ายด้วยเลข 1234 มียอดชำระขั้นต่ำ 3000 บาท ครบกำหนดวันที่ 2026-09-18 (Friday) ค่ะ ไม่ทราบว่าสะดวกชำระภายในวันนี้หรือไม่คะ
  ลูกค้า ▸ สภาพคล่องไม่มีเลยครับ
     บอท ▸ [1075] convince
            เข้าใจค่ะ หากชำระขั้นต่ำ 3000 บาทภายในวันครบกำหนด จะช่วยรักษาประวัติการชำระไว้ได้ค่ะ ไม่ทราบว่าพอจะสะดวกหรือไม่คะ
  ลูกค้า ▸ ก็ตามที่บอกครับ
     บอท ▸ [1099] contact_bank_bye
            หากมีข้อติดขัดประการใด โทรกลับมาปรึกษาเอบีซีได้ที่เบอร์ [company_phone] ค่ะ ขอบคุณค่ะ สวัสดีค่ะ
       ⚙  record_outcome -> refused"
NM-087,สำนวน,ปลายเดือนแล้ว เหลือแต่ลม,refused,ไม่เข้าใจ,disruptive,refused,pass,ถูกเลย,greet_verify disclose_balance convince contact_bank_bye,,"     บอท ▸ [1015] greet_verify
            สวัสดีค่ะ ดิฉันติดต่อจากเอบีซี ไม่ทราบว่ากำลังเรียนสายอยู่กับคุณ สมมติ ทดสอบระบบ ใช่หรือไม่คะ
  ลูกค้า ▸ ใช่ครับ
     บอท ▸ [1065] disclose_balance
            ขอบคุณค่ะ เอบีซีขอเรียนแจ้งว่าสินเชื่อ ที่ลงท้ายด้วยเลข 1234 มียอดชำระขั้นต่ำ 3000 บาท ครบกำหนดวันที่ 2026-09-18 (Friday) ค่ะ ไม่ทราบว่าสะดวกชำระภายในวันนี้หรือไม่คะ
  ลูกค้า ▸ ปลายเดือนแล้ว เหลือแต่ลม
     บอท ▸ [1075] convince
            เข้าใจค่ะ หากชำระขั้นต่ำ 3000 บาทภายในวันครบกำหนด จะช่วยรักษาประวัติการชำระไว้ได้ค่ะ ไม่ทราบว่าพอจะสะดวกหรือไม่คะ
  ลูกค้า ▸ ก็ตามที่บอกครับ
     บอท ▸ [1099] contact_bank_bye
            หากมีข้อติดขัดประการใด โทรกลับมาปรึกษาเอบีซีได้ที่เบอร์ [company_phone] ค่ะ ขอบคุณค่ะ สวัสดีค่ะ
       ⚙  record_outcome -> refused"
NM-088,สำนวน,ตอนนี้ถังแตกค่ะ,refused,ไม่เข้าใจ,disruptive,refused,pass,ถูกเลย,greet_verify disclose_balance convince contact_bank_bye,,"     บอท ▸ [1015] greet_verify
            สวัสดีค่ะ ดิฉันติดต่อจากเอบีซี ไม่ทราบว่ากำลังเรียนสายอยู่กับคุณ สมมติ ทดสอบระบบ ใช่หรือไม่คะ
  ลูกค้า ▸ ใช่ครับ
     บอท ▸ [1065] disclose_balance
            ขอบคุณค่ะ เอบีซีขอเรียนแจ้งว่าสินเชื่อ ที่ลงท้ายด้วยเลข 1234 มียอดชำระขั้นต่ำ 3000 บาท ครบกำหนดวันที่ 2026-09-18 (Friday) ค่ะ ไม่ทราบว่าสะดวกชำระภายในวันนี้หรือไม่คะ
  ลูกค้า ▸ ตอนนี้ถังแตกค่ะ
     บอท ▸ [1075] convince
            เข้าใจค่ะ หากชำระขั้นต่ำ 3000 บาทภายในวันครบกำหนด จะช่วยรักษาประวัติการชำระไว้ได้ค่ะ ไม่ทราบว่าพอจะสะดวกหรือไม่คะ
  ลูกค้า ▸ ก็ตามที่บอกครับ
     บอท ▸ [1099] contact_bank_bye
            หากมีข้อติดขัดประการใด โทรกลับมาปรึกษาเอบีซีได้ที่เบอร์ [company_phone] ค่ะ ขอบคุณค่ะ สวัสดีค่ะ
       ⚙  record_outcome -> refused"
NM-089,สำนวน,หาเช้ากินค่ำอยู่ครับ,refused,ไม่เกี่ยวข้อง,disruptive,refused,pass,ถูกเลย,greet_verify disclose_balance convince contact_bank_bye,,"     บอท ▸ [1015] greet_verify
            สวัสดีค่ะ ดิฉันติดต่อจากเอบีซี ไม่ทราบว่ากำลังเรียนสายอยู่กับคุณ สมมติ ทดสอบระบบ ใช่หรือไม่คะ
  ลูกค้า ▸ ใช่ครับ
     บอท ▸ [1065] disclose_balance
            ขอบคุณค่ะ เอบีซีขอเรียนแจ้งว่าสินเชื่อ ที่ลงท้ายด้วยเลข 1234 มียอดชำระขั้นต่ำ 3000 บาท ครบกำหนดวันที่ 2026-09-18 (Friday) ค่ะ ไม่ทราบว่าสะดวกชำระภายในวันนี้หรือไม่คะ
  ลูกค้า ▸ หาเช้ากินค่ำอยู่ครับ
     บอท ▸ [1075] convince
            เข้าใจค่ะ หากชำระขั้นต่ำ 3000 บาทภายในวันครบกำหนด จะช่วยรักษาประวัติการชำระไว้ได้ค่ะ ไม่ทราบว่าพอจะสะดวกหรือไม่คะ
  ลูกค้า ▸ ก็ตามที่บอกครับ
     บอท ▸ [1099] contact_bank_bye
            หากมีข้อติดขัดประการใด โทรกลับมาปรึกษาเอบีซีได้ที่เบอร์ [company_phone] ค่ะ ขอบคุณค่ะ สวัสดีค่ะ
       ⚙  record_outcome -> refused"
NM-090,สำนวน,ตอนนี้ตึงมือมากเลย,refused,ไม่เข้าใจ,disruptive,refused,pass,ถูกเลย,greet_verify disclose_balance convince contact_bank_bye,,"     บอท ▸ [1015] greet_verify
            สวัสดีค่ะ ดิฉันติดต่อจากเอบีซี ไม่ทราบว่ากำลังเรียนสายอยู่กับคุณ สมมติ ทดสอบระบบ ใช่หรือไม่คะ
  ลูกค้า ▸ ใช่ครับ
     บอท ▸ [1065] disclose_balance
            ขอบคุณค่ะ เอบีซีขอเรียนแจ้งว่าสินเชื่อ ที่ลงท้ายด้วยเลข 1234 มียอดชำระขั้นต่ำ 3000 บาท ครบกำหนดวันที่ 2026-09-18 (Friday) ค่ะ ไม่ทราบว่าสะดวกชำระภายในวันนี้หรือไม่คะ
  ลูกค้า ▸ ตอนนี้ตึงมือมากเลย
     บอท ▸ [1075] convince
            เข้าใจค่ะ หากชำระขั้นต่ำ 3000 บาทภายในวันครบกำหนด จะช่วยรักษาประวัติการชำระไว้ได้ค่ะ ไม่ทราบว่าพอจะสะดวกหรือไม่คะ
  ลูกค้า ▸ ก็ตามที่บอกครับ
     บอท ▸ [1099] contact_bank_bye
            หากมีข้อติดขัดประการใด โทรกลับมาปรึกษาเอบีซีได้ที่เบอร์ [company_phone] ค่ะ ขอบคุณค่ะ สวัสดีค่ะ
       ⚙  record_outcome -> refused"
NM-091,ผลัด/เลี่ยง,ขอดูก่อนนะคะ ตอนนี้ยังนึกไม่ออกจะเอาจากไหน,refused,นัดชำระ,ptp,refused,pass,ถูกเลย,greet_verify disclose_balance convince contact_bank_bye,,"     บอท ▸ [1015] greet_verify
            สวัสดีค่ะ ดิฉันติดต่อจากเอบีซี ไม่ทราบว่ากำลังเรียนสายอยู่กับคุณ สมมติ ทดสอบระบบ ใช่หรือไม่คะ
  ลูกค้า ▸ ใช่ครับ
     บอท ▸ [1065] disclose_balance
            ขอบคุณค่ะ เอบีซีขอเรียนแจ้งว่าสินเชื่อ ที่ลงท้ายด้วยเลข 1234 มียอดชำระขั้นต่ำ 3000 บาท ครบกำหนดวันที่ 2026-09-18 (Friday) ค่ะ ไม่ทราบว่าสะดวกชำระภายในวันนี้หรือไม่คะ
  ลูกค้า ▸ ขอดูก่อนนะคะ ตอนนี้ยังนึกไม่ออกจะเอาจากไหน
     บอท ▸ [1075] convince
            เข้าใจค่ะ หากชำระขั้นต่ำ 3000 บาทภายในวันครบกำหนด จะช่วยรักษาประวัติการชำระไว้ได้ค่ะ ไม่ทราบว่าพอจะสะดวกหรือไม่คะ
  ลูกค้า ▸ ก็ตามที่บอกครับ
     บอท ▸ [1099] contact_bank_bye
            หากมีข้อติดขัดประการใด โทรกลับมาปรึกษาเอบีซีได้ที่เบอร์ [company_phone] ค่ะ ขอบคุณค่ะ สวัสดีค่ะ
       ⚙  record_outcome -> refused"
NM-092,ผลัด/เลี่ยง,รอให้มีก่อนแล้วกันนะ,refused,นัดชำระ,ptp,ptp,fail,ผิดเลย,greet_verify disclose_balance faq_hold ptp_bye,ตรงที่ทำนาย,"     บอท ▸ [1015] greet_verify
            สวัสดีค่ะ ดิฉันติดต่อจากเอบีซี ไม่ทราบว่ากำลังเรียนสายอยู่กับคุณ สมมติ ทดสอบระบบ ใช่หรือไม่คะ
  ลูกค้า ▸ ใช่ครับ
     บอท ▸ [1065] disclose_balance
            ขอบคุณค่ะ เอบีซีขอเรียนแจ้งว่าสินเชื่อ ที่ลงท้ายด้วยเลข 1234 มียอดชำระขั้นต่ำ 3000 บาท ครบกำหนดวันที่ 2026-09-18 (Friday) ค่ะ ไม่ทราบว่าสะดวกชำระภายในวันนี้หรือไม่คะ
  ลูกค้า ▸ รอให้มีก่อนแล้วกันนะ
     บอท ▸ [1750] faq_hold
            ได้ค่ะ สะดวกแล้วแจ้งได้เลยนะคะ
  ลูกค้า ▸ ก็ตามที่บอกครับ
     บอท ▸ [1084] ptp_bye
            ขอบคุณค่ะ เอบีซีได้บันทึกไว้เรียบร้อยแล้วค่ะ ขอบคุณที่สละเวลา สวัสดีค่ะ
       ⚙  record_outcome -> ptp"
NM-093,ผลัด/เลี่ยง,พร้อมเมื่อไหร่จะติดต่อกลับไปเองครับ,refused,ขอให้ติดต่อกลับ,do_not_call,ptp,fail,ผิดเลย,greet_verify disclose_balance ptp_bye,คนละทางกับที่ทำนาย,"     บอท ▸ [1015] greet_verify
            สวัสดีค่ะ ดิฉันติดต่อจากเอบีซี ไม่ทราบว่ากำลังเรียนสายอยู่กับคุณ สมมติ ทดสอบระบบ ใช่หรือไม่คะ
  ลูกค้า ▸ ใช่ครับ
     บอท ▸ [1065] disclose_balance
            ขอบคุณค่ะ เอบีซีขอเรียนแจ้งว่าสินเชื่อ ที่ลงท้ายด้วยเลข 1234 มียอดชำระขั้นต่ำ 3000 บาท ครบกำหนดวันที่ 2026-09-18 (Friday) ค่ะ ไม่ทราบว่าสะดวกชำระภายในวันนี้หรือไม่คะ
  ลูกค้า ▸ พร้อมเมื่อไหร่จะติดต่อกลับไปเองครับ
     บอท ▸ [1084] ptp_bye
            ขอบคุณค่ะ เอบีซีได้บันทึกไว้เรียบร้อยแล้วค่ะ ขอบคุณที่สละเวลา สวัสดีค่ะ
       ⚙  record_outcome -> ptp"
NM-094,ผลัด/เลี่ยง,ขอตั้งตัวให้ได้ก่อนนะ,refused,ขอเลื่อน,,refused,pass,ถูกเลย,greet_verify disclose_balance convince contact_bank_bye,,"     บอท ▸ [1015] greet_verify
            สวัสดีค่ะ ดิฉันติดต่อจากเอบีซี ไม่ทราบว่ากำลังเรียนสายอยู่กับคุณ สมมติ ทดสอบระบบ ใช่หรือไม่คะ
  ลูกค้า ▸ ใช่ครับ
     บอท ▸ [1065] disclose_balance
            ขอบคุณค่ะ เอบีซีขอเรียนแจ้งว่าสินเชื่อ ที่ลงท้ายด้วยเลข 1234 มียอดชำระขั้นต่ำ 3000 บาท ครบกำหนดวันที่ 2026-09-18 (Friday) ค่ะ ไม่ทราบว่าสะดวกชำระภายในวันนี้หรือไม่คะ
  ลูกค้า ▸ ขอตั้งตัวให้ได้ก่อนนะ
     บอท ▸ [1075] convince
            เข้าใจค่ะ หากชำระขั้นต่ำ 3000 บาทภายในวันครบกำหนด จะช่วยรักษาประวัติการชำระไว้ได้ค่ะ ไม่ทราบว่าพอจะสะดวกหรือไม่คะ
  ลูกค้า ▸ ก็ตามที่บอกครับ
     บอท ▸ [1099] contact_bank_bye
            หากมีข้อติดขัดประการใด โทรกลับมาปรึกษาเอบีซีได้ที่เบอร์ [company_phone] ค่ะ ขอบคุณค่ะ สวัสดีค่ะ
       ⚙  record_outcome -> refused"
NM-095,ผลัด/เลี่ยง,ช่วงนี้ยังไม่ไหวจริงๆ ค่ะ,refused,ขอเลื่อน,,refused,pass,ถูกเลย,greet_verify disclose_balance convince contact_bank_bye,,"     บอท ▸ [1015] greet_verify
            สวัสดีค่ะ ดิฉันติดต่อจากเอบีซี ไม่ทราบว่ากำลังเรียนสายอยู่กับคุณ สมมติ ทดสอบระบบ ใช่หรือไม่คะ
  ลูกค้า ▸ ใช่ครับ
     บอท ▸ [1065] disclose_balance
            ขอบคุณค่ะ เอบีซีขอเรียนแจ้งว่าสินเชื่อ ที่ลงท้ายด้วยเลข 1234 มียอดชำระขั้นต่ำ 3000 บาท ครบกำหนดวันที่ 2026-09-18 (Friday) ค่ะ ไม่ทราบว่าสะดวกชำระภายในวันนี้หรือไม่คะ
  ลูกค้า ▸ ช่วงนี้ยังไม่ไหวจริงๆ ค่ะ
     บอท ▸ [1075] convince
            เข้าใจค่ะ หากชำระขั้นต่ำ 3000 บาทภายในวันครบกำหนด จะช่วยรักษาประวัติการชำระไว้ได้ค่ะ ไม่ทราบว่าพอจะสะดวกหรือไม่คะ
  ลูกค้า ▸ ก็ตามที่บอกครับ
     บอท ▸ [1099] contact_bank_bye
            หากมีข้อติดขัดประการใด โทรกลับมาปรึกษาเอบีซีได้ที่เบอร์ [company_phone] ค่ะ ขอบคุณค่ะ สวัสดีค่ะ
       ⚙  record_outcome -> refused"
NM-096,ผลัด/เลี่ยง,ถ้าเดือนหน้ามีเข้ามา จะรีบโทรกลับนะ,refused,นัดชำระ,ptp,disruptive,fail,ผิดทั้งที่ถามกลับ,greet_verify disclose_balance ask_clarify ask_clarify disruptive_bye,คนละทางกับที่ทำนาย,"     บอท ▸ [1015] greet_verify
            สวัสดีค่ะ ดิฉันติดต่อจากเอบีซี ไม่ทราบว่ากำลังเรียนสายอยู่กับคุณ สมมติ ทดสอบระบบ ใช่หรือไม่คะ
  ลูกค้า ▸ ใช่ครับ
     บอท ▸ [1065] disclose_balance
            ขอบคุณค่ะ เอบีซีขอเรียนแจ้งว่าสินเชื่อ ที่ลงท้ายด้วยเลข 1234 มียอดชำระขั้นต่ำ 3000 บาท ครบกำหนดวันที่ 2026-09-18 (Friday) ค่ะ ไม่ทราบว่าสะดวกชำระภายในวันนี้หรือไม่คะ
  ลูกค้า ▸ ถ้าเดือนหน้ามีเข้ามา จะรีบโทรกลับนะ
     บอท ▸ [3127] ask_clarify
            ขออภัยค่ะ ดิฉันขอถามให้แน่ใจอีกครั้ง คุณลูกค้าหมายความว่ายังไงคะ
  ลูกค้า ▸ ก็ตามที่บอกครับ
     บอท ▸ [3127] ask_clarify
            ขออภัยค่ะ ดิฉันขอถามให้แน่ใจอีกครั้ง คุณลูกค้าหมายความว่ายังไงคะ
  ลูกค้า ▸ ก็แบบนั้นแหละครับ
     บอท ▸ [3340] disruptive_bye
            ขออภัยค่ะ หากยังไม่สะดวกคุยเรื่องบัญชีในตอนนี้ ดิฉันขออนุญาตติดต่อกลับใหม่ภายหลังนะคะ สวัสดีค่ะ
       ⚙  record_outcome -> disruptive"
NM-097,ผลัด/เลี่ยง,อย่าเพิ่งหวังจากพี่เลยช่วงนี้,refused,ไม่เข้าใจ,disruptive,refused,pass,ถูกเลย,greet_verify disclose_balance convince contact_bank_bye,,"     บอท ▸ [1015] greet_verify
            สวัสดีค่ะ ดิฉันติดต่อจากเอบีซี ไม่ทราบว่ากำลังเรียนสายอยู่กับคุณ สมมติ ทดสอบระบบ ใช่หรือไม่คะ
  ลูกค้า ▸ ใช่ครับ
     บอท ▸ [1065] disclose_balance
            ขอบคุณค่ะ เอบีซีขอเรียนแจ้งว่าสินเชื่อ ที่ลงท้ายด้วยเลข 1234 มียอดชำระขั้นต่ำ 3000 บาท ครบกำหนดวันที่ 2026-09-18 (Friday) ค่ะ ไม่ทราบว่าสะดวกชำระภายในวันนี้หรือไม่คะ
  ลูกค้า ▸ อย่าเพิ่งหวังจากพี่เลยช่วงนี้
     บอท ▸ [1075] convince
            เข้าใจค่ะ หากชำระขั้นต่ำ 3000 บาทภายในวันครบกำหนด จะช่วยรักษาประวัติการชำระไว้ได้ค่ะ ไม่ทราบว่าพอจะสะดวกหรือไม่คะ
  ลูกค้า ▸ ก็ตามที่บอกครับ
     บอท ▸ [1099] contact_bank_bye
            หากมีข้อติดขัดประการใด โทรกลับมาปรึกษาเอบีซีได้ที่เบอร์ [company_phone] ค่ะ ขอบคุณค่ะ สวัสดีค่ะ
       ⚙  record_outcome -> refused"
NM-098,ผลัด/เลี่ยง,ตอนนี้ขอเอาตัวรอดก่อนนะ,refused,ไม่เกี่ยวข้อง,disruptive,refused,pass,ถูกเลย,greet_verify disclose_balance convince contact_bank_bye,,"     บอท ▸ [1015] greet_verify
            สวัสดีค่ะ ดิฉันติดต่อจากเอบีซี ไม่ทราบว่ากำลังเรียนสายอยู่กับคุณ สมมติ ทดสอบระบบ ใช่หรือไม่คะ
  ลูกค้า ▸ ใช่ครับ
     บอท ▸ [1065] disclose_balance
            ขอบคุณค่ะ เอบีซีขอเรียนแจ้งว่าสินเชื่อ ที่ลงท้ายด้วยเลข 1234 มียอดชำระขั้นต่ำ 3000 บาท ครบกำหนดวันที่ 2026-09-18 (Friday) ค่ะ ไม่ทราบว่าสะดวกชำระภายในวันนี้หรือไม่คะ
  ลูกค้า ▸ ตอนนี้ขอเอาตัวรอดก่อนนะ
     บอท ▸ [1075] convince
            เข้าใจค่ะ หากชำระขั้นต่ำ 3000 บาทภายในวันครบกำหนด จะช่วยรักษาประวัติการชำระไว้ได้ค่ะ ไม่ทราบว่าพอจะสะดวกหรือไม่คะ
  ลูกค้า ▸ ก็ตามที่บอกครับ
     บอท ▸ [1099] contact_bank_bye
            หากมีข้อติดขัดประการใด โทรกลับมาปรึกษาเอบีซีได้ที่เบอร์ [company_phone] ค่ะ ขอบคุณค่ะ สวัสดีค่ะ
       ⚙  record_outcome -> refused"
NM-099,ผลัด/เลี่ยง,เดี๋ยวดูก่อนว่าจะหมุนทันไหม,refused,นัดชำระ,ptp,refused,pass,ถูกเลย,greet_verify disclose_balance convince contact_bank_bye,,"     บอท ▸ [1015] greet_verify
            สวัสดีค่ะ ดิฉันติดต่อจากเอบีซี ไม่ทราบว่ากำลังเรียนสายอยู่กับคุณ สมมติ ทดสอบระบบ ใช่หรือไม่คะ
  ลูกค้า ▸ ใช่ครับ
     บอท ▸ [1065] disclose_balance
            ขอบคุณค่ะ เอบีซีขอเรียนแจ้งว่าสินเชื่อ ที่ลงท้ายด้วยเลข 1234 มียอดชำระขั้นต่ำ 3000 บาท ครบกำหนดวันที่ 2026-09-18 (Friday) ค่ะ ไม่ทราบว่าสะดวกชำระภายในวันนี้หรือไม่คะ
  ลูกค้า ▸ เดี๋ยวดูก่อนว่าจะหมุนทันไหม
     บอท ▸ [1075] convince
            เข้าใจค่ะ หากชำระขั้นต่ำ 3000 บาทภายในวันครบกำหนด จะช่วยรักษาประวัติการชำระไว้ได้ค่ะ ไม่ทราบว่าพอจะสะดวกหรือไม่คะ
  ลูกค้า ▸ ก็ตามที่บอกครับ
     บอท ▸ [1099] contact_bank_bye
            หากมีข้อติดขัดประการใด โทรกลับมาปรึกษาเอบีซีได้ที่เบอร์ [company_phone] ค่ะ ขอบคุณค่ะ สวัสดีค่ะ
       ⚙  record_outcome -> refused"
NM-100,ผลัด/เลี่ยง,ไว้ค่อยว่ากันนะ ตอนนี้ยังไม่มีหัวจะคิดเลย,refused,ขอเลื่อน,,refused,pass,ถูกเลย,greet_verify disclose_balance convince contact_bank_bye,,"     บอท ▸ [1015] greet_verify
            สวัสดีค่ะ ดิฉันติดต่อจากเอบีซี ไม่ทราบว่ากำลังเรียนสายอยู่กับคุณ สมมติ ทดสอบระบบ ใช่หรือไม่คะ
  ลูกค้า ▸ ใช่ครับ
     บอท ▸ [1065] disclose_balance
            ขอบคุณค่ะ เอบีซีขอเรียนแจ้งว่าสินเชื่อ ที่ลงท้ายด้วยเลข 1234 มียอดชำระขั้นต่ำ 3000 บาท ครบกำหนดวันที่ 2026-09-18 (Friday) ค่ะ ไม่ทราบว่าสะดวกชำระภายในวันนี้หรือไม่คะ
  ลูกค้า ▸ ไว้ค่อยว่ากันนะ ตอนนี้ยังไม่มีหัวจะคิดเลย
     บอท ▸ [1075] convince
            เข้าใจค่ะ หากชำระขั้นต่ำ 3000 บาทภายในวันครบกำหนด จะช่วยรักษาประวัติการชำระไว้ได้ค่ะ ไม่ทราบว่าพอจะสะดวกหรือไม่คะ
  ลูกค้า ▸ ก็ตามที่บอกครับ
     บอท ▸ [1099] contact_bank_bye
            หากมีข้อติดขัดประการใด โทรกลับมาปรึกษาเอบีซีได้ที่เบอร์ [company_phone] ค่ะ ขอบคุณค่ะ สวัสดีค่ะ
       ⚙  record_outcome -> refused"
