set,id,group,utterance,expect,got,verdict,diagnosis,note
seed,S4,เงื่อนไขสมมติ,ถ้าจ่ายได้ผมจ่ายไปนานแล้วครับ,refused,refused|refused,pass,ผ่านทั้ง 2 รอบในใบ redteam n=2,เคสตั้งต้นที่ชุด 100 งอกมาจากมัน
conflict52,ไม่มีเงิน|ตอบรับนำหน้า,ไม่มีเงิน/ตอบรับนำหน้า,ครับ ๆ ตอนนี้ไม่มีเงินจ่ายครับ,refused,refused,pass,,
conflict52,ไม่มีเงิน|ตอบรับนำหน้า|twin,ไม่มีเงิน/ตอบรับนำหน้า,ตอนนี้ไม่มีเงินจ่ายครับ,refused,refused,pass,,ฝาแฝดพูดตรง ๆ
conflict52,ไม่มีเงิน|แก้คำกลางประโยค,ไม่มีเงิน/แก้คำกลางประโยค,พอจ่ายไหวครับ...เอ่อ ไม่ไหวครับ,refused,refused,pass,,
conflict52,ไม่มีเงิน|แก้คำกลางประโยค|twin,ไม่มีเงิน/แก้คำกลางประโยค,ไม่ไหวครับ,refused,refused,pass,,ฝาแฝดพูดตรง ๆ
conflict52,ไม่มีเงิน|ปฏิเสธต่อท้าย,ไม่มีเงิน/ปฏิเสธต่อท้าย,อยากจ่ายนะครับ แต่ไม่มีจริง ๆ,refused,refused,pass,,
conflict52,ไม่มีเงิน|ปฏิเสธต่อท้าย|twin,ไม่มีเงิน/ปฏิเสธต่อท้าย,ไม่มีเงินจริง ๆ ครับ,refused,refused,pass,,ฝาแฝดพูดตรง ๆ
conflict52,ไม่มีเงิน|ยืนยันบนประโยคลบ,ไม่มีเงิน/ยืนยันบนประโยคลบ,ถูกต้องครับ ผมไม่มีเงินจ่าย,refused,refused,pass,,
conflict52,ไม่มีเงิน|ยืนยันบนประโยคลบ|twin,ไม่มีเงิน/ยืนยันบนประโยคลบ,ผมไม่มีเงินจ่ายครับ,refused,refused,pass,,ฝาแฝดพูดตรง ๆ
conflict52,ไม่มีเงิน|กรอบซ้อนกรอบ,ไม่มีเงิน/กรอบซ้อนกรอบ,มีเงินอยู่ครับ แต่ไม่พอจ่าย,refused,refused,pass,,
conflict52,ไม่มีเงิน|กรอบซ้อนกรอบ|twin,ไม่มีเงิน/กรอบซ้อนกรอบ,เงินไม่พอจ่ายครับ,refused,refused,pass,,ฝาแฝดพูดตรง ๆ
conflict52,ไม่มีเงิน|คำลงท้ายขัดเนื้อหา,ไม่มีเงิน/คำลงท้ายขัดเนื้อหา,ไม่มีปัญหาครับ แต่เงินไม่มี,refused,refused,pass,,
conflict52,ไม่มีเงิน|คำลงท้ายขัดเนื้อหา|twin,ไม่มีเงิน/คำลงท้ายขัดเนื้อหา,ตอนนี้เงินไม่มีครับ,refused,refused,pass,,ฝาแฝดพูดตรง ๆ
conflict52,จ่ายแล้ว|ตอบรับนำหน้า,จ่ายแล้ว/ตอบรับนำหน้า,ไม่ครับ ผมจ่ายไปแล้ว,to_verify,to_verify,pass,,'ไม่' ปฏิเสธข้อกล่าวหา ไม่ได้ปฏิเสธการจ่าย
conflict52,จ่ายแล้ว|ตอบรับนำหน้า|twin,จ่ายแล้ว/ตอบรับนำหน้า,ผมจ่ายไปแล้วครับ,to_verify,to_verify,pass,,ฝาแฝดพูดตรง ๆ
conflict52,จ่ายแล้ว|แก้คำกลางประโยค,จ่ายแล้ว/แก้คำกลางประโยค,ยังไม่ได้จ่าย...เอ๊ย จ่ายไปแล้วครับ,to_verify,to_verify,pass,,
conflict52,จ่ายแล้ว|แก้คำกลางประโยค|twin,จ่ายแล้ว/แก้คำกลางประโยค,จ่ายไปแล้วครับ,to_verify,to_verify,pass,,ฝาแฝดพูดตรง ๆ
conflict52,จ่ายแล้ว|ปฏิเสธต่อท้าย,จ่ายแล้ว/ปฏิเสธต่อท้าย,จ่ายไปแล้วครับ แต่ระบบอาจยังไม่ขึ้น,to_verify,to_verify,pass,,
conflict52,จ่ายแล้ว|ปฏิเสธต่อท้าย|twin,จ่ายแล้ว/ปฏิเสธต่อท้าย,จ่ายไปแล้วครับ,to_verify,to_verify,pass,,ฝาแฝดพูดตรง ๆ
conflict52,จ่ายแล้ว|คำลงท้ายขัดเนื้อหา,จ่ายแล้ว/คำลงท้ายขัดเนื้อหา,จ่ายแล้วครับ...มั้งนะ,to_verify,to_verify,pass,,ลังเลท้ายประโยค แต่ยังอ้างว่าจ่าย
conflict52,จ่ายแล้ว|คำลงท้ายขัดเนื้อหา|twin,จ่ายแล้ว/คำลงท้ายขัดเนื้อหา,จ่ายแล้วครับ,to_verify,to_verify,pass,,ฝาแฝดพูดตรง ๆ
conflict52,จะจ่ายวันศุกร์|ตอบรับนำหน้า,จะจ่ายวันศุกร์/ตอบรับนำหน้า,ไม่ครับ เดี๋ยวจ่ายวันศุกร์ครับ,ptp,refused,fail,ภาษายาก — ฝาแฝดผ่าน,
conflict52,จะจ่ายวันศุกร์|ตอบรับนำหน้า|twin,จะจ่ายวันศุกร์/ตอบรับนำหน้า,จ่ายวันศุกร์ครับ,ptp,ptp,pass,ภาษายาก — ฝาแฝดผ่าน,ฝาแฝดพูดตรง ๆ
conflict52,จะจ่ายวันศุกร์|แก้คำกลางประโยค,จะจ่ายวันศุกร์/แก้คำกลางประโยค,จ่ายพรุ่งนี้ครับ เอ๊ย วันศุกร์,ptp,ptp,pass,,ต้องยึดวันท้ายสุด
conflict52,จะจ่ายวันศุกร์|แก้คำกลางประโยค|twin,จะจ่ายวันศุกร์/แก้คำกลางประโยค,จ่ายวันศุกร์ครับ,ptp,ptp,pass,,ฝาแฝดพูดตรง ๆ
conflict52,จะจ่ายวันศุกร์|ยืนยันบนประโยคลบ,จะจ่ายวันศุกร์/ยืนยันบนประโยคลบ,ถูกต้องครับ วันศุกร์ผมจ่ายแน่,ptp,ptp,pass,,
conflict52,จะจ่ายวันศุกร์|ยืนยันบนประโยคลบ|twin,จะจ่ายวันศุกร์/ยืนยันบนประโยคลบ,จ่ายวันศุกร์ครับ,ptp,ptp,pass,,ฝาแฝดพูดตรง ๆ
conflict52,จะจ่ายวันศุกร์|กรอบซ้อนกรอบ,จะจ่ายวันศุกร์/กรอบซ้อนกรอบ,จะจ่ายครับ แต่ยังไม่ได้จ่าย,ptp,to_verify,fail,ภาษายาก — ฝาแฝดผ่าน,
conflict52,จะจ่ายวันศุกร์|กรอบซ้อนกรอบ|twin,จะจ่ายวันศุกร์/กรอบซ้อนกรอบ,จะจ่ายวันศุกร์ครับ,ptp,ptp,pass,ภาษายาก — ฝาแฝดผ่าน,ฝาแฝดพูดตรง ๆ
conflict52,ยังไม่รับปาก|ปฏิเสธต่อท้าย,ยังไม่รับปาก/ปฏิเสธต่อท้าย,โอเคครับ แต่ขอคิดดูก่อน,NOT ptp,refused,pass,,
conflict52,ยังไม่รับปาก|ปฏิเสธต่อท้าย|twin,ยังไม่รับปาก/ปฏิเสธต่อท้าย,ขอคิดดูก่อนครับ,NOT ptp,refused,pass,,ฝาแฝดพูดตรง ๆ
conflict52,ยังไม่รับปาก|คำลงท้ายขัดเนื้อหา,ยังไม่รับปาก/คำลงท้ายขัดเนื้อหา,ได้เลยครับ ถ้ามีเงินนะ,NOT ptp,ptp,fail,ภาษายาก — ฝาแฝดผ่าน,
conflict52,ยังไม่รับปาก|คำลงท้ายขัดเนื้อหา|twin,ยังไม่รับปาก/คำลงท้ายขัดเนื้อหา,ถ้ามีเงินค่อยจ่ายครับ,NOT ptp,refused,pass,ภาษายาก — ฝาแฝดผ่าน,ฝาแฝดพูดตรง ๆ
conflict52,ยังไม่รับปาก|ตอบรับนำหน้า,ยังไม่รับปาก/ตอบรับนำหน้า,ครับ ๆ เดี๋ยวดูให้นะครับ,NOT ptp,refused,pass,สเปกไม่รองรับเจตนานี้ — ฝาแฝดก็แพ้,
conflict52,ยังไม่รับปาก|ตอบรับนำหน้า|twin,ยังไม่รับปาก/ตอบรับนำหน้า,เดี๋ยวขอดูก่อนครับ,NOT ptp,ptp,fail,สเปกไม่รองรับเจตนานี้ — ฝาแฝดก็แพ้,ฝาแฝดพูดตรง ๆ
conflict52,ยังไม่รับปาก|ตอบรับผิดคำถาม,ยังไม่รับปาก/ตอบรับผิดคำถาม,ครับ เข้าใจแล้วครับ,NOT ptp,ptp,fail,ภาษายาก — ฝาแฝดผ่าน,'ครับ' = รับทราบ ไม่ใช่ตกลงจ่าย
conflict52,ยังไม่รับปาก|ตอบรับผิดคำถาม|twin,ยังไม่รับปาก/ตอบรับผิดคำถาม,รับทราบครับ,NOT ptp,refused,pass,ภาษายาก — ฝาแฝดผ่าน,ฝาแฝดพูดตรง ๆ
conflict52,จ่ายไม่ได้แล้ว|ปฏิเสธต่อท้าย,จ่ายไม่ได้แล้ว/ปฏิเสธต่อท้าย,จ่ายวันศุกร์ครับ...ไม่ได้ครับ ติดธุระ,refused,refused,pass,,ถอนคำพูดในประโยคเดียวกัน
conflict52,จ่ายไม่ได้แล้ว|ปฏิเสธต่อท้าย|twin,จ่ายไม่ได้แล้ว/ปฏิเสธต่อท้าย,วันศุกร์จ่ายไม่ได้ครับ,refused,refused,pass,,ฝาแฝดพูดตรง ๆ
conflict52,ไม่ยอมจ่าย|แก้คำกลางประโยค,ไม่ยอมจ่าย/แก้คำกลางประโยค,จ่าย...ไม่จ่ายครับ,refused,refused,pass,,
conflict52,ไม่ยอมจ่าย|แก้คำกลางประโยค|twin,ไม่ยอมจ่าย/แก้คำกลางประโยค,ผมไม่จ่ายครับ,refused,refused,pass,,ฝาแฝดพูดตรง ๆ
conflict52,ไม่ยอมจ่าย|ยืนยันบนประโยคลบ,ไม่ยอมจ่าย/ยืนยันบนประโยคลบ,ถูกต้องครับ ผมไม่จ่าย,refused,refused,pass,,
conflict52,ไม่ยอมจ่าย|ยืนยันบนประโยคลบ|twin,ไม่ยอมจ่าย/ยืนยันบนประโยคลบ,ผมไม่จ่ายครับ,refused,refused,pass,,ฝาแฝดพูดตรง ๆ
conflict52,ไม่ยอมจ่าย|ตอบรับนำหน้า,ไม่ยอมจ่าย/ตอบรับนำหน้า,เข้าใจครับ แต่ผมไม่จ่าย,refused,refused,pass,,
conflict52,ไม่ยอมจ่าย|ตอบรับนำหน้า|twin,ไม่ยอมจ่าย/ตอบรับนำหน้า,ผมไม่จ่ายครับ,refused,refused,pass,,ฝาแฝดพูดตรง ๆ
conflict52,จ่ายบางส่วน|กรอบซ้อนกรอบ,จ่ายบางส่วน/กรอบซ้อนกรอบ,จ่ายไปแล้วแต่ยังไม่ครบ,to_verify,to_verify,pass,สเปกไม่รองรับเจตนานี้ — ฝาแฝดก็แพ้,
conflict52,จ่ายบางส่วน|กรอบซ้อนกรอบ|twin,จ่ายบางส่วน/กรอบซ้อนกรอบ,จ่ายไปแค่บางส่วนครับ,to_verify,refused,fail,สเปกไม่รองรับเจตนานี้ — ฝาแฝดก็แพ้,ฝาแฝดพูดตรง ๆ
conflict52,จ่ายบางส่วน|ปฏิเสธต่อท้าย,จ่ายบางส่วน/ปฏิเสธต่อท้าย,จ่ายแล้วครับ แต่แค่ครึ่งเดียว,to_verify,to_verify,pass,สเปกไม่รองรับเจตนานี้ — ฝาแฝดก็แพ้,
conflict52,จ่ายบางส่วน|ปฏิเสธต่อท้าย|twin,จ่ายบางส่วน/ปฏิเสธต่อท้าย,จ่ายไปครึ่งเดียวครับ,to_verify,refused,fail,สเปกไม่รองรับเจตนานี้ — ฝาแฝดก็แพ้,ฝาแฝดพูดตรง ๆ
conflict52,ยอดต่ำกว่าขั้นต่ำ|แก้คำกลางประโยค,ยอดต่ำกว่าขั้นต่ำ/แก้คำกลางประโยค,จ่ายสามพัน...ไม่สิ สองพันครับ,refused,refused,pass,,ยึดยอดท้ายสุด 2000 < 3000
conflict52,ยอดต่ำกว่าขั้นต่ำ|แก้คำกลางประโยค|twin,ยอดต่ำกว่าขั้นต่ำ/แก้คำกลางประโยค,จ่ายสองพันครับ,refused,refused,pass,,ฝาแฝดพูดตรง ๆ
conflict52,ยอดต่ำกว่าขั้นต่ำ|ตอบรับนำหน้า,ยอดต่ำกว่าขั้นต่ำ/ตอบรับนำหน้า,ได้ครับ จ่ายพันห้าได้ไหม,refused,refused,pass,,
conflict52,ยอดต่ำกว่าขั้นต่ำ|ตอบรับนำหน้า|twin,ยอดต่ำกว่าขั้นต่ำ/ตอบรับนำหน้า,ขอจ่ายพันห้าครับ,refused,refused,pass,,ฝาแฝดพูดตรง ๆ
nomoney100,NM-001,เงื่อนไขสมมติ,ถ้ามีก็จ่ายไปนานแล้วค่ะ,refused,to_verify,fail,ตรงที่ทำนาย,ทำนายว่าจะสับสนเป็น อ้างว่าชำระแล้ว
nomoney100,NM-002,เงื่อนไขสมมติ,ถ้ามีเงิน จะมานั่งคุยอยู่ทำไมล่ะครับ,refused,to_verify,fail,คนละทางกับที่ทำนาย,ทำนายว่าจะสับสนเป็น ไม่เกี่ยวข้อง
nomoney100,NM-003,เงื่อนไขสมมติ,ถ้ามีป่านนี้โอนไปแล้วค่ะ,refused,to_verify,fail,ตรงที่ทำนาย,ทำนายว่าจะสับสนเป็น อ้างว่าชำระแล้ว
nomoney100,NM-004,เงื่อนไขสมมติ,ถ้าหาได้ พี่ไม่ปล่อยให้ค้างหรอก,refused,to_verify,fail,คนละทางกับที่ทำนาย,ทำนายว่าจะสับสนเป็น ยินดีชำระ
nomoney100,NM-005,เงื่อนไขสมมติ,ถ้ามีจริงๆ ไม่ต้องโทรตามหรอกครับ,refused,refused,pass,,ทำนายว่าจะสับสนเป็น ไม่อยากให้โทรมา
nomoney100,NM-006,เงื่อนไขสมมติ,ถ้าจ่ายไหว ก็จ่ายไปตั้งแต่เดือนที่แล้วแล้ว,refused,to_verify,fail,ตรงที่ทำนาย,ทำนายว่าจะสับสนเป็น อ้างว่าชำระแล้ว
nomoney100,NM-007,เงื่อนไขสมมติ,ถ้ามีเหลือ ใครจะอยากเป็นหนี้ล่ะคะ,refused,to_verify,fail,คนละทางกับที่ทำนาย,ทำนายว่าจะสับสนเป็น ยอมรับว่ามีหนี้
nomoney100,NM-008,เงื่อนไขสมมติ,ถ้าเงินเดือนออกตรงเวลา ก็คงจ่ายไปแล้ว,refused,to_verify,fail,ตรงที่ทำนาย,ทำนายว่าจะสับสนเป็น อ้างว่าชำระแล้ว
nomoney100,NM-009,เงื่อนไขสมมติ,ถ้าพี่มี พี่ไม่ให้น้องต้องโทรมาหรอก,refused,disruptive,fail,คนละทางกับที่ทำนาย,ทำนายว่าจะสับสนเป็น ไม่อยากให้โทรมา
nomoney100,NM-010,เงื่อนไขสมมติ,ถ้ามันง่ายขนาดนั้น ก็คงจบไปนานแล้ว,refused,to_verify,fail,คนละทางกับที่ทำนาย,ทำนายว่าจะสับสนเป็น ไม่เกี่ยวข้อง
nomoney100,NM-011,เงื่อนไขสมมติ,ถ้ามีให้ ก็ให้ไปแล้วครับ,refused,to_verify,fail,ตรงที่ทำนาย,ทำนายว่าจะสับสนเป็น อ้างว่าชำระแล้ว
nomoney100,NM-012,เงื่อนไขสมมติ,ถ้ามีก็ไม่ต้องมาถามหรอกค่ะ,refused,disruptive,fail,คนละทางกับที่ทำนาย,ทำนายว่าจะสับสนเป็น ไม่อยากให้โทรมา
nomoney100,NM-013,เงื่อนไขสมมติ,ถ้าในบัญชีมี เขาก็ตัดไปเองแล้วแหละ,refused,disruptive,fail,คนละทางกับที่ทำนาย,ทำนายว่าจะสับสนเป็น อ้างว่าชำระแล้ว
nomoney100,NM-014,เงื่อนไขสมมติ,ถ้ามีป่านนี้ไม่ต้องหลบโทรศัพท์หรอก,refused,to_verify,fail,คนละทางกับที่ทำนาย,ทำนายว่าจะสับสนเป็น ไม่เกี่ยวข้อง
nomoney100,NM-015,เงื่อนไขสมมติ,ถ้าจ่ายได้ จะรอให้โดนทวงทำไม,refused,disruptive,fail,คนละทางกับที่ทำนาย,ทำนายว่าจะสับสนเป็น ยินดีชำระ
nomoney100,NM-016,ถามย้อน,จะเอาเงินที่ไหนมาจ่ายล่ะคะ,refused,refused,pass,,ทำนายว่าจะสับสนเป็น ถามช่องทางชำระ
nomoney100,NM-017,ถามย้อน,น้องว่าพี่มีเหรอ,refused,to_verify,fail,คนละทางกับที่ทำนาย,ทำนายว่าจะสับสนเป็น ไม่เข้าใจ
nomoney100,NM-018,ถามย้อน,มีปัญญาจ่ายที่ไหนล่ะครับ,refused,ptp,fail,คนละทางกับที่ทำนาย,ทำนายว่าจะสับสนเป็น ถามช่องทางชำระ
nomoney100,NM-019,ถามย้อน,ถามจริง คิดว่าพี่อยากค้างเหรอ,refused,ptp,fail,คนละทางกับที่ทำนาย,ทำนายว่าจะสับสนเป็น ไม่พอใจ
nomoney100,NM-020,ถามย้อน,แล้วจะให้เอาอะไรจ่ายล่ะ,refused,ptp,fail,คนละทางกับที่ทำนาย,ทำนายว่าจะสับสนเป็น ถามวิธีชำระ
nomoney100,NM-021,ถามย้อน,จะให้ไปปล้นธนาคารมาจ่ายเหรอ,refused,disruptive,fail,คนละทางกับที่ทำนาย,ทำนายว่าจะสับสนเป็น ไม่พอใจ
nomoney100,NM-022,ถามย้อน,ใครจะไม่อยากจ่ายล่ะคะ,refused,refused,pass,,ทำนายว่าจะสับสนเป็น ยินดีชำระ
nomoney100,NM-023,ถามย้อน,เห็นพี่เป็นตู้ ATM เหรอ,refused,ptp,fail,คนละทางกับที่ทำนาย,ทำนายว่าจะสับสนเป็น ไม่พอใจ
nomoney100,NM-024,ถามย้อน,น้องจะให้พี่เสกเงินออกมาเหรอ,refused,to_verify,fail,คนละทางกับที่ทำนาย,ทำนายว่าจะสับสนเป็น ไม่พอใจ
nomoney100,NM-025,ถามย้อน,มีที่ไหนล่ะ ถ้ามีก็ดีสิ,refused,ptp,fail,คนละทางกับที่ทำนาย,ทำนายว่าจะสับสนเป็น ถามข้อมูล
nomoney100,NM-026,ถามย้อน,จะเอามาจากไหน บอกพี่หน่อยสิ,refused,ptp,fail,คนละทางกับที่ทำนาย,ทำนายว่าจะสับสนเป็น ขอคำแนะนำ
nomoney100,NM-027,ถามย้อน,คิดว่าพี่ไม่อยากจ่ายเหรอ,refused,disruptive,fail,คนละทางกับที่ทำนาย,ทำนายว่าจะสับสนเป็น ยินดีชำระ
nomoney100,NM-028,ถามย้อน,ตอนนี้จะให้ไปหาจากไหนล่ะครับ,refused,ptp,fail,คนละทางกับที่ทำนาย,ทำนายว่าจะสับสนเป็น ถามข้อมูล
nomoney100,NM-029,ถามย้อน,แล้วจะให้ขายอะไรล่ะ บ้านก็เช่าเขาอยู่,refused,disruptive,fail,ตรงที่ทำนาย,ทำนายว่าจะสับสนเป็น ไม่เกี่ยวข้อง
nomoney100,NM-030,ถามย้อน,จ่ายยังไงล่ะ ในกระเป๋ามีอยู่ยี่สิบบาท,refused,ptp,fail,คนละทางกับที่ทำนาย,ทำนายว่าจะสับสนเป็น ถามวิธีชำระ
nomoney100,NM-031,ประชด,รวยมากเลยค่ะตอนนี้ รวยหนี้,refused,refused,pass,,ทำนายว่าจะสับสนเป็น ไม่เกี่ยวข้อง
nomoney100,NM-032,ประชด,เดี๋ยวถูกหวยก่อนนะ แล้วจะรีบจ่ายเลย,refused,ptp,fail,ตรงที่ทำนาย,ทำนายว่าจะสับสนเป็น นัดชำระ
nomoney100,NM-033,ประชด,ได้เลย เดี๋ยวไปขุดทองมาให้,refused,ptp,fail,ตรงที่ทำนาย,ทำนายว่าจะสับสนเป็น ยินดีชำระ
nomoney100,NM-034,ประชด,สบายมาก เงินเต็มกระเป๋าเลยครับ,refused,ptp,fail,ตรงที่ทำนาย,ทำนายว่าจะสับสนเป็น ยินดีชำระ
nomoney100,NM-035,ประชด,จ่ายแน่นอน ชาติหน้าตอนบ่ายๆ,refused,ptp,fail,ตรงที่ทำนาย,ทำนายว่าจะสับสนเป็น นัดชำระ
nomoney100,NM-036,ประชด,เงินตกจากฟ้าเมื่อไหร่ โอนให้ทันทีเลย,refused,to_verify,fail,คนละทางกับที่ทำนาย,ทำนายว่าจะสับสนเป็น นัดชำระ
nomoney100,NM-037,ประชด,โอ๊ย เงินล้นมือเลยค่ะ ล้นจนไม่มีจะกิน,refused,ptp,fail,ตรงที่ทำนาย,ทำนายว่าจะสับสนเป็น ยินดีชำระ
nomoney100,NM-038,ประชด,อยากจ่ายมากเลย แต่กระเป๋าตังค์มันไม่อยาก,refused,refused,pass,,ทำนายว่าจะสับสนเป็น ยินดีชำระ
nomoney100,NM-039,ประชด,มีสิ มีแต่บิลเต็มบ้านเลย,refused,refused,pass,,ทำนายว่าจะสับสนเป็น ยืนยันว่ามีเงิน
nomoney100,NM-040,ประชด,เงินน่ะมีค่ะ มีแต่ในฝัน,refused,refused,pass,,ทำนายว่าจะสับสนเป็น ยืนยันว่ามีเงิน
nomoney100,NM-041,ประชด,พร้อมจ่ายเลย ขาดอย่างเดียวคือเงิน,refused,refused,pass,,ทำนายว่าจะสับสนเป็น ยินดีชำระ
nomoney100,NM-042,ประชด,จ่ายเต็มที่ค่ะ เต็มที่เท่าที่มี ซึ่งก็คือศูนย์,refused,refused,pass,,ทำนายว่าจะสับสนเป็น ยินดีชำระ
nomoney100,NM-043,ประชด,ได้ครับ เดี๋ยวเสกให้เลย,refused,ptp,fail,ตรงที่ทำนาย,ทำนายว่าจะสับสนเป็น ยินดีชำระ
nomoney100,NM-044,ประชด,ยึดไปเลย ยึดได้แต่ความจนนะ,refused,refused,pass,,ทำนายว่าจะสับสนเป็น ยินยอม
nomoney100,NM-045,ประชด,ไม่มีปัญหาเลยครับ ปัญหาเดียวคือไม่มีตัง,refused,refused,pass,,ทำนายว่าจะสับสนเป็น ตกลง
nomoney100,NM-046,มีคำว่าจ่ายแล้ว,จ่ายไปหมดแล้วค่ะ ค่าเทอมลูก ค่าเช่าบ้าน ไม่เหลือเลย,refused,to_verify,fail,ตรงที่ทำนาย,ทำนายว่าจะสับสนเป็น อ้างว่าชำระแล้ว
nomoney100,NM-047,มีคำว่าจ่ายแล้ว,เงินเดือนออกมาก็จ่ายหมดแล้ว จ่ายที่อื่นน่ะ,refused,ptp,fail,คนละทางกับที่ทำนาย,ทำนายว่าจะสับสนเป็น อ้างว่าชำระแล้ว
nomoney100,NM-048,มีคำว่าจ่ายแล้ว,จ่ายแล้วค่ะ จ่ายค่าหมอแม่ไปหมด,refused,to_verify,fail,ตรงที่ทำนาย,ทำนายว่าจะสับสนเป็น อ้างว่าชำระแล้ว
nomoney100,NM-049,มีคำว่าจ่ายแล้ว,หมดแล้วครับ ไม่เหลือเลย,refused,refused,pass,,ทำนายว่าจะสับสนเป็น อ้างว่าปิดหนี้แล้ว
nomoney100,NM-050,มีคำว่าจ่ายแล้ว,โอนไปหมดแล้ว ให้ทางบ้านต่างจังหวัด,refused,to_verify,fail,ตรงที่ทำนาย,ทำนายว่าจะสับสนเป็น อ้างว่าชำระแล้ว
nomoney100,NM-051,มีคำว่าจ่ายแล้ว,เดือนนี้จ่ายอย่างอื่นไปแล้ว ไม่เหลือมาจ่ายตรงนี้,refused,refused,pass,,ทำนายว่าจะสับสนเป็น อ้างว่าชำระแล้ว
nomoney100,NM-052,มีคำว่าจ่ายแล้ว,บัตรทุกใบเต็มวงเงินหมดแล้วครับ,refused,refused,pass,,ทำนายว่าจะสับสนเป็น สอบถามวงเงิน
nomoney100,NM-053,มีคำว่าจ่ายแล้ว,มีเท่าไหร่ก็จ่ายไปหมดแล้ว,refused,to_verify,fail,ตรงที่ทำนาย,ทำนายว่าจะสับสนเป็น อ้างว่าชำระแล้ว
nomoney100,NM-054,มีคำว่าจ่ายแล้ว,เคลียร์ที่อื่นไปก่อนแล้ว ตรงนี้ยังไม่ไหวค่ะ,refused,to_verify,fail,ตรงที่ทำนาย,ทำนายว่าจะสับสนเป็น อ้างว่าชำระแล้ว
nomoney100,NM-055,มีคำว่าจ่ายแล้ว,จ่ายค่างวดรถไปแล้วก็หมดตัวเลย,refused,refused,pass,,ทำนายว่าจะสับสนเป็น อ้างว่าชำระแล้ว
nomoney100,NM-056,มีคำว่าจ่ายแล้ว,เงินเข้ามาก็ออกหมดแล้วค่ะ,refused,to_verify,fail,ตรงที่ทำนาย,ทำนายว่าจะสับสนเป็น อ้างว่าชำระแล้ว
nomoney100,NM-057,มีคำว่าจ่ายแล้ว,จ่ายหนี้ก้อนอื่นไปแล้ว เหลือไม่ถึงร้อย,refused,disruptive,fail,คนละทางกับที่ทำนาย,ทำนายว่าจะสับสนเป็น อ้างว่าชำระแล้ว
nomoney100,NM-058,มีคำว่าจ่ายแล้ว,ที่มีอยู่ใช้ไปหมดแล้วกับค่ารักษา,refused,refused,pass,,ทำนายว่าจะสับสนเป็น อ้างว่าชำระแล้ว
nomoney100,NM-059,มีคำว่าจ่ายแล้ว,ตัดไปหมดแล้ว ทั้งค่าน้ำค่าไฟ บัญชีเหลือศูนย์,refused,refused,pass,,ทำนายว่าจะสับสนเป็น อ้างว่าชำระแล้ว
nomoney100,NM-060,มีคำว่าจ่ายแล้ว,จ่ายไปแล้วเมื่อวาน ค่าหอ ตอนนี้เหลือไม่พอกินข้าว,refused,to_verify,fail,ตรงที่ทำนาย,ทำนายว่าจะสับสนเป็น อ้างว่าชำระแล้ว
nomoney100,NM-061,เล่าความลำบาก,ตอนนี้ตกงานมาสามเดือนแล้วค่ะ,refused,refused,pass,,ทำนายว่าจะสับสนเป็น ไม่เกี่ยวข้อง
nomoney100,NM-062,เล่าความลำบาก,บริษัทปิดไปแล้ว ยังหางานใหม่ไม่ได้เลย,refused,refused,pass,,ทำนายว่าจะสับสนเป็น ไม่เกี่ยวข้อง
nomoney100,NM-063,เล่าความลำบาก,ร้านขายไม่ออกเลย ลูกค้าหายหมด,refused,refused,pass,,ทำนายว่าจะสับสนเป็น ไม่เกี่ยวข้อง
nomoney100,NM-064,เล่าความลำบาก,บริษัทค้างเงินเดือนมาสองเดือนแล้วครับ,refused,handoff,fail,คนละทางกับที่ทำนาย,ทำนายว่าจะสับสนเป็น ไม่เกี่ยวข้อง
nomoney100,NM-065,เล่าความลำบาก,ตอนนี้กินมาม่าทุกวันเลย,refused,handoff,fail,คนละทางกับที่ทำนาย,ทำนายว่าจะสับสนเป็น ไม่เกี่ยวข้อง
nomoney100,NM-066,เล่าความลำบาก,เพิ่งโดนเลิกจ้างมาครับ,refused,refused,pass,,ทำนายว่าจะสับสนเป็น ไม่เกี่ยวข้อง
nomoney100,NM-067,เล่าความลำบาก,น้ำท่วมนาหมด ปีนี้ไม่ได้อะไรเลย,refused,handoff,fail,คนละทางกับที่ทำนาย,ทำนายว่าจะสับสนเป็น ไม่เกี่ยวข้อง
nomoney100,NM-068,เล่าความลำบาก,ต้องลาออกมาดูแลแม่ที่ป่วย,refused,handoff,fail,คนละทางกับที่ทำนาย,ทำนายว่าจะสับสนเป็น แจ้งเรื่องส่วนตัว
nomoney100,NM-069,เล่าความลำบาก,ค่าเช่าห้องยังค้างเขาอยู่เลยค่ะ,refused,disruptive,fail,คนละทางกับที่ทำนาย,ทำนายว่าจะสับสนเป็น ยอมรับว่ามีหนี้
nomoney100,NM-070,เล่าความลำบาก,ต้องยืมเพื่อนมากินข้าวทุกวัน,refused,disruptive,fail,ตรงที่ทำนาย,ทำนายว่าจะสับสนเป็น ไม่เกี่ยวข้อง
nomoney100,NM-071,เล่าความลำบาก,ตอนนี้ไม่มีรายได้เข้าเลยครับ,refused,refused,pass,,ทำนายว่าจะสับสนเป็น ไม่เกี่ยวข้อง
nomoney100,NM-072,เล่าความลำบาก,ขับวินได้วันละไม่กี่ร้อย ค่าน้ำมันยังแทบไม่พอ,refused,refused,pass,,ทำนายว่าจะสับสนเป็น ไม่เกี่ยวข้อง
nomoney100,NM-073,เล่าความลำบาก,ลูกเพิ่งเข้าโรงเรียน ค่าใช้จ่ายเยอะมาก,refused,refused,pass,,ทำนายว่าจะสับสนเป็น ไม่เกี่ยวข้อง
nomoney100,NM-074,เล่าความลำบาก,โดนแก๊งคอลเซ็นเตอร์หลอกไปหมดตัวเลยค่ะ,refused,ptp,fail,คนละทางกับที่ทำนาย,ทำนายว่าจะสับสนเป็น แจ้งถูกหลอก
nomoney100,NM-075,เล่าความลำบาก,ตอนนี้อยู่บ้านเฉยๆ ไม่ได้ทำงาน,refused,refused,pass,,ทำนายว่าจะสับสนเป็น ไม่เกี่ยวข้อง
nomoney100,NM-076,สำนวน,ช็อตอยู่ครับพี่,refused,ptp,fail,คนละทางกับที่ทำนาย,ทำนายว่าจะสับสนเป็น ไม่เข้าใจ
nomoney100,NM-077,สำนวน,ตอนนี้แห้งมากเลยค่ะ,refused,handoff,fail,คนละทางกับที่ทำนาย,ทำนายว่าจะสับสนเป็น ไม่เข้าใจ
nomoney100,NM-078,สำนวน,กระเป๋าแบนเลยพี่,refused,refused,pass,,ทำนายว่าจะสับสนเป็น ไม่เข้าใจ
nomoney100,NM-079,สำนวน,ชักหน้าไม่ถึงหลังเลยค่ะ,refused,refused,pass,,ทำนายว่าจะสับสนเป็น ไม่เข้าใจ
nomoney100,NM-080,สำนวน,เดือนนี้ร่อแร่มาก,refused,disruptive,fail,คนละทางกับที่ทำนาย,ทำนายว่าจะสับสนเป็น แจ้งเจ็บป่วย
nomoney100,NM-081,สำนวน,ตอนนี้กรอบมากครับ,refused,refused,pass,,ทำนายว่าจะสับสนเป็น ไม่เข้าใจ
nomoney100,NM-082,สำนวน,เงินไม่พอยาไส้เลย,refused,refused,pass,,ทำนายว่าจะสับสนเป็น ไม่เข้าใจ
nomoney100,NM-083,สำนวน,หมุนเงินไม่ทันแล้วครับ,refused,refused,pass,,ทำนายว่าจะสับสนเป็น ขอเลื่อน
nomoney100,NM-084,สำนวน,ตอนนี้ติดลบอยู่เลย,refused,refused,pass,,ทำนายว่าจะสับสนเป็น ไม่เข้าใจ
nomoney100,NM-085,สำนวน,ไม่มีติดตัวสักแดงเลย,refused,refused,pass,,ทำนายว่าจะสับสนเป็น ไม่เข้าใจ
nomoney100,NM-086,สำนวน,สภาพคล่องไม่มีเลยครับ,refused,refused,pass,,ทำนายว่าจะสับสนเป็น ไม่เข้าใจ
nomoney100,NM-087,สำนวน,ปลายเดือนแล้ว เหลือแต่ลม,refused,refused,pass,,ทำนายว่าจะสับสนเป็น ไม่เข้าใจ
nomoney100,NM-088,สำนวน,ตอนนี้ถังแตกค่ะ,refused,refused,pass,,ทำนายว่าจะสับสนเป็น ไม่เข้าใจ
nomoney100,NM-089,สำนวน,หาเช้ากินค่ำอยู่ครับ,refused,refused,pass,,ทำนายว่าจะสับสนเป็น ไม่เกี่ยวข้อง
nomoney100,NM-090,สำนวน,ตอนนี้ตึงมือมากเลย,refused,refused,pass,,ทำนายว่าจะสับสนเป็น ไม่เข้าใจ
nomoney100,NM-091,ผลัด/เลี่ยง,ขอดูก่อนนะคะ ตอนนี้ยังนึกไม่ออกจะเอาจากไหน,refused,refused,pass,,ทำนายว่าจะสับสนเป็น นัดชำระ
nomoney100,NM-092,ผลัด/เลี่ยง,รอให้มีก่อนแล้วกันนะ,refused,ptp,fail,ตรงที่ทำนาย,ทำนายว่าจะสับสนเป็น นัดชำระ
nomoney100,NM-093,ผลัด/เลี่ยง,พร้อมเมื่อไหร่จะติดต่อกลับไปเองครับ,refused,ptp,fail,คนละทางกับที่ทำนาย,ทำนายว่าจะสับสนเป็น ขอให้ติดต่อกลับ
nomoney100,NM-094,ผลัด/เลี่ยง,ขอตั้งตัวให้ได้ก่อนนะ,refused,refused,pass,,ทำนายว่าจะสับสนเป็น ขอเลื่อน
nomoney100,NM-095,ผลัด/เลี่ยง,ช่วงนี้ยังไม่ไหวจริงๆ ค่ะ,refused,refused,pass,,ทำนายว่าจะสับสนเป็น ขอเลื่อน
nomoney100,NM-096,ผลัด/เลี่ยง,ถ้าเดือนหน้ามีเข้ามา จะรีบโทรกลับนะ,refused,disruptive,fail,คนละทางกับที่ทำนาย,ทำนายว่าจะสับสนเป็น นัดชำระ
nomoney100,NM-097,ผลัด/เลี่ยง,อย่าเพิ่งหวังจากพี่เลยช่วงนี้,refused,refused,pass,,ทำนายว่าจะสับสนเป็น ไม่เข้าใจ
nomoney100,NM-098,ผลัด/เลี่ยง,ตอนนี้ขอเอาตัวรอดก่อนนะ,refused,refused,pass,,ทำนายว่าจะสับสนเป็น ไม่เกี่ยวข้อง
nomoney100,NM-099,ผลัด/เลี่ยง,เดี๋ยวดูก่อนว่าจะหมุนทันไหม,refused,refused,pass,,ทำนายว่าจะสับสนเป็น นัดชำระ
nomoney100,NM-100,ผลัด/เลี่ยง,ไว้ค่อยว่ากันนะ ตอนนี้ยังไม่มีหัวจะคิดเลย,refused,refused,pass,,ทำนายว่าจะสับสนเป็น ขอเลื่อน
