intent,slot,utterance,expect,twin,note
ไม่มีเงิน,ตอบรับนำหน้า,ครับ ๆ ตอนนี้ไม่มีเงินจ่ายครับ,refused,ตอนนี้ไม่มีเงินจ่ายครับ,
ไม่มีเงิน,แก้คำกลางประโยค,พอจ่ายไหวครับ...เอ่อ ไม่ไหวครับ,refused,ไม่ไหวครับ,
ไม่มีเงิน,ปฏิเสธต่อท้าย,อยากจ่ายนะครับ แต่ไม่มีจริง ๆ,refused,ไม่มีเงินจริง ๆ ครับ,
ไม่มีเงิน,ยืนยันบนประโยคลบ,ถูกต้องครับ ผมไม่มีเงินจ่าย,refused,ผมไม่มีเงินจ่ายครับ,
ไม่มีเงิน,กรอบซ้อนกรอบ,มีเงินอยู่ครับ แต่ไม่พอจ่าย,refused,เงินไม่พอจ่ายครับ,
ไม่มีเงิน,คำลงท้ายขัดเนื้อหา,ไม่มีปัญหาครับ แต่เงินไม่มี,refused,ตอนนี้เงินไม่มีครับ,
จ่ายแล้ว,ตอบรับนำหน้า,ไม่ครับ ผมจ่ายไปแล้ว,to_verify,ผมจ่ายไปแล้วครับ,'ไม่' ปฏิเสธข้อกล่าวหา ไม่ได้ปฏิเสธการจ่าย
จ่ายแล้ว,แก้คำกลางประโยค,ยังไม่ได้จ่าย...เอ๊ย จ่ายไปแล้วครับ,to_verify,จ่ายไปแล้วครับ,
จ่ายแล้ว,ปฏิเสธต่อท้าย,จ่ายไปแล้วครับ แต่ระบบอาจยังไม่ขึ้น,to_verify,จ่ายไปแล้วครับ,
จ่ายแล้ว,คำลงท้ายขัดเนื้อหา,จ่ายแล้วครับ...มั้งนะ,to_verify,จ่ายแล้วครับ,ลังเลท้ายประโยค แต่ยังอ้างว่าจ่าย
จะจ่ายวันศุกร์,ตอบรับนำหน้า,ไม่ครับ เดี๋ยวจ่ายวันศุกร์ครับ,ptp,จ่ายวันศุกร์ครับ,
จะจ่ายวันศุกร์,แก้คำกลางประโยค,จ่ายพรุ่งนี้ครับ เอ๊ย วันศุกร์,ptp,จ่ายวันศุกร์ครับ,ต้องยึดวันท้ายสุด
จะจ่ายวันศุกร์,ยืนยันบนประโยคลบ,ถูกต้องครับ วันศุกร์ผมจ่ายแน่,ptp,จ่ายวันศุกร์ครับ,
จะจ่ายวันศุกร์,กรอบซ้อนกรอบ,จะจ่ายครับ แต่ยังไม่ได้จ่าย,ptp,จะจ่ายวันศุกร์ครับ,
ยังไม่รับปาก,ปฏิเสธต่อท้าย,โอเคครับ แต่ขอคิดดูก่อน,NOT ptp,ขอคิดดูก่อนครับ,
ยังไม่รับปาก,คำลงท้ายขัดเนื้อหา,ได้เลยครับ ถ้ามีเงินนะ,NOT ptp,ถ้ามีเงินค่อยจ่ายครับ,
ยังไม่รับปาก,ตอบรับนำหน้า,ครับ ๆ เดี๋ยวดูให้นะครับ,NOT ptp,เดี๋ยวขอดูก่อนครับ,
ยังไม่รับปาก,ตอบรับผิดคำถาม,ครับ เข้าใจแล้วครับ,NOT ptp,รับทราบครับ,'ครับ' = รับทราบ ไม่ใช่ตกลงจ่าย
จ่ายไม่ได้แล้ว,ปฏิเสธต่อท้าย,จ่ายวันศุกร์ครับ...ไม่ได้ครับ ติดธุระ,refused,วันศุกร์จ่ายไม่ได้ครับ,ถอนคำพูดในประโยคเดียวกัน
ไม่ยอมจ่าย,แก้คำกลางประโยค,จ่าย...ไม่จ่ายครับ,refused,ผมไม่จ่ายครับ,
ไม่ยอมจ่าย,ยืนยันบนประโยคลบ,ถูกต้องครับ ผมไม่จ่าย,refused,ผมไม่จ่ายครับ,
ไม่ยอมจ่าย,ตอบรับนำหน้า,เข้าใจครับ แต่ผมไม่จ่าย,refused,ผมไม่จ่ายครับ,
จ่ายบางส่วน,กรอบซ้อนกรอบ,จ่ายไปแล้วแต่ยังไม่ครบ,to_verify,จ่ายไปแค่บางส่วนครับ,
จ่ายบางส่วน,ปฏิเสธต่อท้าย,จ่ายแล้วครับ แต่แค่ครึ่งเดียว,to_verify,จ่ายไปครึ่งเดียวครับ,
ยอดต่ำกว่าขั้นต่ำ,แก้คำกลางประโยค,จ่ายสามพัน...ไม่สิ สองพันครับ,refused,จ่ายสองพันครับ,ยึดยอดท้ายสุด 2000 < 3000
ยอดต่ำกว่าขั้นต่ำ,ตอบรับนำหน้า,ได้ครับ จ่ายพันห้าได้ไหม,refused,ขอจ่ายพันห้าครับ,
