id,kind,intent,slot,utterance,expect,got,verdict,diagnosis,note
ไม่มีเงิน|ตอบรับนำหน้า,conflict,ไม่มีเงิน,ตอบรับนำหน้า,ครับ ๆ ตอนนี้ไม่มีเงินจ่ายครับ,refused,refused,pass,,
ไม่มีเงิน|ตอบรับนำหน้า|twin,twin,ไม่มีเงิน,ตอบรับนำหน้า,ตอนนี้ไม่มีเงินจ่ายครับ,refused,refused,pass,,ฝาแฝดพูดตรง ๆ
ไม่มีเงิน|แก้คำกลางประโยค,conflict,ไม่มีเงิน,แก้คำกลางประโยค,พอจ่ายไหวครับ...เอ่อ ไม่ไหวครับ,refused,refused,pass,,
ไม่มีเงิน|แก้คำกลางประโยค|twin,twin,ไม่มีเงิน,แก้คำกลางประโยค,ไม่ไหวครับ,refused,refused,pass,,ฝาแฝดพูดตรง ๆ
ไม่มีเงิน|ปฏิเสธต่อท้าย,conflict,ไม่มีเงิน,ปฏิเสธต่อท้าย,อยากจ่ายนะครับ แต่ไม่มีจริง ๆ,refused,refused,pass,,
ไม่มีเงิน|ปฏิเสธต่อท้าย|twin,twin,ไม่มีเงิน,ปฏิเสธต่อท้าย,ไม่มีเงินจริง ๆ ครับ,refused,refused,pass,,ฝาแฝดพูดตรง ๆ
ไม่มีเงิน|ยืนยันบนประโยคลบ,conflict,ไม่มีเงิน,ยืนยันบนประโยคลบ,ถูกต้องครับ ผมไม่มีเงินจ่าย,refused,refused,pass,,
ไม่มีเงิน|ยืนยันบนประโยคลบ|twin,twin,ไม่มีเงิน,ยืนยันบนประโยคลบ,ผมไม่มีเงินจ่ายครับ,refused,refused,pass,,ฝาแฝดพูดตรง ๆ
ไม่มีเงิน|กรอบซ้อนกรอบ,conflict,ไม่มีเงิน,กรอบซ้อนกรอบ,มีเงินอยู่ครับ แต่ไม่พอจ่าย,refused,refused,pass,,
ไม่มีเงิน|กรอบซ้อนกรอบ|twin,twin,ไม่มีเงิน,กรอบซ้อนกรอบ,เงินไม่พอจ่ายครับ,refused,refused,pass,,ฝาแฝดพูดตรง ๆ
ไม่มีเงิน|คำลงท้ายขัดเนื้อหา,conflict,ไม่มีเงิน,คำลงท้ายขัดเนื้อหา,ไม่มีปัญหาครับ แต่เงินไม่มี,refused,refused,pass,,
ไม่มีเงิน|คำลงท้ายขัดเนื้อหา|twin,twin,ไม่มีเงิน,คำลงท้ายขัดเนื้อหา,ตอนนี้เงินไม่มีครับ,refused,refused,pass,,ฝาแฝดพูดตรง ๆ
จ่ายแล้ว|ตอบรับนำหน้า,conflict,จ่ายแล้ว,ตอบรับนำหน้า,ไม่ครับ ผมจ่ายไปแล้ว,to_verify,to_verify,pass,,'ไม่' ปฏิเสธข้อกล่าวหา ไม่ได้ปฏิเสธการจ่าย
จ่ายแล้ว|ตอบรับนำหน้า|twin,twin,จ่ายแล้ว,ตอบรับนำหน้า,ผมจ่ายไปแล้วครับ,to_verify,to_verify,pass,,ฝาแฝดพูดตรง ๆ
จ่ายแล้ว|แก้คำกลางประโยค,conflict,จ่ายแล้ว,แก้คำกลางประโยค,ยังไม่ได้จ่าย...เอ๊ย จ่ายไปแล้วครับ,to_verify,to_verify,pass,,
จ่ายแล้ว|แก้คำกลางประโยค|twin,twin,จ่ายแล้ว,แก้คำกลางประโยค,จ่ายไปแล้วครับ,to_verify,to_verify,pass,,ฝาแฝดพูดตรง ๆ
จ่ายแล้ว|ปฏิเสธต่อท้าย,conflict,จ่ายแล้ว,ปฏิเสธต่อท้าย,จ่ายไปแล้วครับ แต่ระบบอาจยังไม่ขึ้น,to_verify,to_verify,pass,,
จ่ายแล้ว|ปฏิเสธต่อท้าย|twin,twin,จ่ายแล้ว,ปฏิเสธต่อท้าย,จ่ายไปแล้วครับ,to_verify,to_verify,pass,,ฝาแฝดพูดตรง ๆ
จ่ายแล้ว|คำลงท้ายขัดเนื้อหา,conflict,จ่ายแล้ว,คำลงท้ายขัดเนื้อหา,จ่ายแล้วครับ...มั้งนะ,to_verify,to_verify,pass,,ลังเลท้ายประโยค แต่ยังอ้างว่าจ่าย
จ่ายแล้ว|คำลงท้ายขัดเนื้อหา|twin,twin,จ่ายแล้ว,คำลงท้ายขัดเนื้อหา,จ่ายแล้วครับ,to_verify,to_verify,pass,,ฝาแฝดพูดตรง ๆ
จะจ่ายวันศุกร์|ตอบรับนำหน้า,conflict,จะจ่ายวันศุกร์,ตอบรับนำหน้า,ไม่ครับ เดี๋ยวจ่ายวันศุกร์ครับ,ptp,refused,fail,ภาษายาก — ฝาแฝดผ่าน,
จะจ่ายวันศุกร์|ตอบรับนำหน้า|twin,twin,จะจ่ายวันศุกร์,ตอบรับนำหน้า,จ่ายวันศุกร์ครับ,ptp,ptp,pass,ภาษายาก — ฝาแฝดผ่าน,ฝาแฝดพูดตรง ๆ
จะจ่ายวันศุกร์|แก้คำกลางประโยค,conflict,จะจ่ายวันศุกร์,แก้คำกลางประโยค,จ่ายพรุ่งนี้ครับ เอ๊ย วันศุกร์,ptp,ptp,pass,,ต้องยึดวันท้ายสุด
จะจ่ายวันศุกร์|แก้คำกลางประโยค|twin,twin,จะจ่ายวันศุกร์,แก้คำกลางประโยค,จ่ายวันศุกร์ครับ,ptp,ptp,pass,,ฝาแฝดพูดตรง ๆ
จะจ่ายวันศุกร์|ยืนยันบนประโยคลบ,conflict,จะจ่ายวันศุกร์,ยืนยันบนประโยคลบ,ถูกต้องครับ วันศุกร์ผมจ่ายแน่,ptp,ptp,pass,,
จะจ่ายวันศุกร์|ยืนยันบนประโยคลบ|twin,twin,จะจ่ายวันศุกร์,ยืนยันบนประโยคลบ,จ่ายวันศุกร์ครับ,ptp,ptp,pass,,ฝาแฝดพูดตรง ๆ
จะจ่ายวันศุกร์|กรอบซ้อนกรอบ,conflict,จะจ่ายวันศุกร์,กรอบซ้อนกรอบ,จะจ่ายครับ แต่ยังไม่ได้จ่าย,ptp,to_verify,fail,ภาษายาก — ฝาแฝดผ่าน,
จะจ่ายวันศุกร์|กรอบซ้อนกรอบ|twin,twin,จะจ่ายวันศุกร์,กรอบซ้อนกรอบ,จะจ่ายวันศุกร์ครับ,ptp,ptp,pass,ภาษายาก — ฝาแฝดผ่าน,ฝาแฝดพูดตรง ๆ
ยังไม่รับปาก|ปฏิเสธต่อท้าย,conflict,ยังไม่รับปาก,ปฏิเสธต่อท้าย,โอเคครับ แต่ขอคิดดูก่อน,NOT ptp,refused,pass,,
ยังไม่รับปาก|ปฏิเสธต่อท้าย|twin,twin,ยังไม่รับปาก,ปฏิเสธต่อท้าย,ขอคิดดูก่อนครับ,NOT ptp,refused,pass,,ฝาแฝดพูดตรง ๆ
ยังไม่รับปาก|คำลงท้ายขัดเนื้อหา,conflict,ยังไม่รับปาก,คำลงท้ายขัดเนื้อหา,ได้เลยครับ ถ้ามีเงินนะ,NOT ptp,ptp,fail,ภาษายาก — ฝาแฝดผ่าน,
ยังไม่รับปาก|คำลงท้ายขัดเนื้อหา|twin,twin,ยังไม่รับปาก,คำลงท้ายขัดเนื้อหา,ถ้ามีเงินค่อยจ่ายครับ,NOT ptp,refused,pass,ภาษายาก — ฝาแฝดผ่าน,ฝาแฝดพูดตรง ๆ
ยังไม่รับปาก|ตอบรับนำหน้า,conflict,ยังไม่รับปาก,ตอบรับนำหน้า,ครับ ๆ เดี๋ยวดูให้นะครับ,NOT ptp,refused,pass,สเปกไม่รองรับเจตนานี้ — ฝาแฝดก็แพ้,
ยังไม่รับปาก|ตอบรับนำหน้า|twin,twin,ยังไม่รับปาก,ตอบรับนำหน้า,เดี๋ยวขอดูก่อนครับ,NOT ptp,ptp,fail,สเปกไม่รองรับเจตนานี้ — ฝาแฝดก็แพ้,ฝาแฝดพูดตรง ๆ
ยังไม่รับปาก|ตอบรับผิดคำถาม,conflict,ยังไม่รับปาก,ตอบรับผิดคำถาม,ครับ เข้าใจแล้วครับ,NOT ptp,ptp,fail,ภาษายาก — ฝาแฝดผ่าน,'ครับ' = รับทราบ ไม่ใช่ตกลงจ่าย
ยังไม่รับปาก|ตอบรับผิดคำถาม|twin,twin,ยังไม่รับปาก,ตอบรับผิดคำถาม,รับทราบครับ,NOT ptp,refused,pass,ภาษายาก — ฝาแฝดผ่าน,ฝาแฝดพูดตรง ๆ
จ่ายไม่ได้แล้ว|ปฏิเสธต่อท้าย,conflict,จ่ายไม่ได้แล้ว,ปฏิเสธต่อท้าย,จ่ายวันศุกร์ครับ...ไม่ได้ครับ ติดธุระ,refused,refused,pass,,ถอนคำพูดในประโยคเดียวกัน
จ่ายไม่ได้แล้ว|ปฏิเสธต่อท้าย|twin,twin,จ่ายไม่ได้แล้ว,ปฏิเสธต่อท้าย,วันศุกร์จ่ายไม่ได้ครับ,refused,refused,pass,,ฝาแฝดพูดตรง ๆ
ไม่ยอมจ่าย|แก้คำกลางประโยค,conflict,ไม่ยอมจ่าย,แก้คำกลางประโยค,จ่าย...ไม่จ่ายครับ,refused,refused,pass,,
ไม่ยอมจ่าย|แก้คำกลางประโยค|twin,twin,ไม่ยอมจ่าย,แก้คำกลางประโยค,ผมไม่จ่ายครับ,refused,refused,pass,,ฝาแฝดพูดตรง ๆ
ไม่ยอมจ่าย|ยืนยันบนประโยคลบ,conflict,ไม่ยอมจ่าย,ยืนยันบนประโยคลบ,ถูกต้องครับ ผมไม่จ่าย,refused,refused,pass,,
ไม่ยอมจ่าย|ยืนยันบนประโยคลบ|twin,twin,ไม่ยอมจ่าย,ยืนยันบนประโยคลบ,ผมไม่จ่ายครับ,refused,refused,pass,,ฝาแฝดพูดตรง ๆ
ไม่ยอมจ่าย|ตอบรับนำหน้า,conflict,ไม่ยอมจ่าย,ตอบรับนำหน้า,เข้าใจครับ แต่ผมไม่จ่าย,refused,refused,pass,,
ไม่ยอมจ่าย|ตอบรับนำหน้า|twin,twin,ไม่ยอมจ่าย,ตอบรับนำหน้า,ผมไม่จ่ายครับ,refused,refused,pass,,ฝาแฝดพูดตรง ๆ
จ่ายบางส่วน|กรอบซ้อนกรอบ,conflict,จ่ายบางส่วน,กรอบซ้อนกรอบ,จ่ายไปแล้วแต่ยังไม่ครบ,to_verify,to_verify,pass,สเปกไม่รองรับเจตนานี้ — ฝาแฝดก็แพ้,
จ่ายบางส่วน|กรอบซ้อนกรอบ|twin,twin,จ่ายบางส่วน,กรอบซ้อนกรอบ,จ่ายไปแค่บางส่วนครับ,to_verify,refused,fail,สเปกไม่รองรับเจตนานี้ — ฝาแฝดก็แพ้,ฝาแฝดพูดตรง ๆ
จ่ายบางส่วน|ปฏิเสธต่อท้าย,conflict,จ่ายบางส่วน,ปฏิเสธต่อท้าย,จ่ายแล้วครับ แต่แค่ครึ่งเดียว,to_verify,to_verify,pass,สเปกไม่รองรับเจตนานี้ — ฝาแฝดก็แพ้,
จ่ายบางส่วน|ปฏิเสธต่อท้าย|twin,twin,จ่ายบางส่วน,ปฏิเสธต่อท้าย,จ่ายไปครึ่งเดียวครับ,to_verify,refused,fail,สเปกไม่รองรับเจตนานี้ — ฝาแฝดก็แพ้,ฝาแฝดพูดตรง ๆ
ยอดต่ำกว่าขั้นต่ำ|แก้คำกลางประโยค,conflict,ยอดต่ำกว่าขั้นต่ำ,แก้คำกลางประโยค,จ่ายสามพัน...ไม่สิ สองพันครับ,refused,refused,pass,,ยึดยอดท้ายสุด 2000 < 3000
ยอดต่ำกว่าขั้นต่ำ|แก้คำกลางประโยค|twin,twin,ยอดต่ำกว่าขั้นต่ำ,แก้คำกลางประโยค,จ่ายสองพันครับ,refused,refused,pass,,ฝาแฝดพูดตรง ๆ
ยอดต่ำกว่าขั้นต่ำ|ตอบรับนำหน้า,conflict,ยอดต่ำกว่าขั้นต่ำ,ตอบรับนำหน้า,ได้ครับ จ่ายพันห้าได้ไหม,refused,refused,pass,,
ยอดต่ำกว่าขั้นต่ำ|ตอบรับนำหน้า|twin,twin,ยอดต่ำกว่าขั้นต่ำ,ตอบรับนำหน้า,ขอจ่ายพันห้าครับ,refused,refused,pass,,ฝาแฝดพูดตรง ๆ
